f0_0,f0_1,f0_2,f0_3,f1_0,f1_1,f1_2,f1_3,f2_0,f2_1,f2_2,f2_3,f3_0,f3_1,f3_2,f4_0,f4_1,f4_2,f5_0,f5_1,f5_2,label
1,0,0,0,1,0,0,0,1,0,0,0,1,0,0,1,0,0,1,0,0,0
1,0,0,0,1,0,0,0,1,0,0,0,1,0,0,1,0,0,0,1,0,0
1,0,0,0,1,0,0,0,1,0,0,0,1,0,0,1,0,0,0,0,1,0
1,0,0,0,1,0,0,0,1,0,0,0,1,0,0,0,1,0,1,0,0,0
1,0,0,0,1,0,0,0,1,0,0,0,1,0,0,0,1,0,0,1,0,0
1,0,0,0,1,0,0,0,1,0,0,0,1,0,0,0,1,0,0,0,1,0
1,0,0,0,1,0,0,0,1,0,0,0,1,0,0,0,0,1,1,0,0,0
1,0,0,0,1,0,0,0,1,0,0,0,1,0,0,0,0,1,0,1,0,0
1,0,0,0,1,0,0,0,1,0,0,0,1,0,0,0,0,1,0,0,1,0
1,0,0,0,1,0,0,0,1,0,0,0,0,1,0,1,0,0,1,0,0,0
1,0,0,0,1,0,0,0,1,0,0,0,0,1,0,1,0,0,0,1,0,0
1,0,0,0,1,0,0,0,1,0,0,0,0,1,0,1,0,0,0,0,1,0
1,0,0,0,1,0,0,0,1,0,0,0,0,1,0,0,1,0,1,0,0,0
1,0,0,0,1,0,0,0,1,0,0,0,0,1,0,0,1,0,0,1,0,0
1,0,0,0,1,0,0,0,1,0,0,0,0,1,0,0,1,0,0,0,1,0
1,0,0,0,1,0,0,0,1,0,0,0,0,1,0,0,0,1,1,0,0,0
1,0,0,0,1,0,0,0,1,0,0,0,0,1,0,0,0,1,0,1,0,0
1,0,0,0,1,0,0,0,1,0,0,0,0,1,0,0,0,1,0,0,1,0
1,0,0,0,1,0,0,0,1,0,0,0,0,0,1,1,0,0,1,0,0,0
1,0,0,0,1,0,0,0,1,0,0,0,0,0,1,1,0,0,0,1,0,0
1,0,0,0,1,0,0,0,1,0,0,0,0,0,1,1,0,0,0,0,1,0
1,0,0,0,1,0,0,0,1,0,0,0,0,0,1,0,1,0,1,0,0,0
1,0,0,0,1,0,0,0,1,0,0,0,0,0,1,0,1,0,0,1,0,0
1,0,0,0,1,0,0,0,1,0,0,0,0,0,1,0,1,0,0,0,1,0
1,0,0,0,1,0,0,0,1,0,0,0,0,0,1,0,0,1,1,0,0,0
1,0,0,0,1,0,0,0,1,0,0,0,0,0,1,0,0,1,0,1,0,0
1,0,0,0,1,0,0,0,1,0,0,0,0,0,1,0,0,1,0,0,1,0
1,0,0,0,1,0,0,0,0,1,0,0,1,0,0,1,0,0,1,0,0,0
1,0,0,0,1,0,0,0,0,1,0,0,1,0,0,1,0,0,0,1,0,0
1,0,0,0,1,0,0,0,0,1,0,0,1,0,0,1,0,0,0,0,1,0
1,0,0,0,1,0,0,0,0,1,0,0,1,0,0,0,1,0,1,0,0,0
1,0,0,0,1,0,0,0,0,1,0,0,1,0,0,0,1,0,0,1,0,0
1,0,0,0,1,0,0,0,0,1,0,0,1,0,0,0,1,0,0,0,1,0
1,0,0,0,1,0,0,0,0,1,0,0,1,0,0,0,0,1,1,0,0,0
1,0,0,0,1,0,0,0,0,1,0,0,1,0,0,0,0,1,0,1,0,0
1,0,0,0,1,0,0,0,0,1,0,0,1,0,0,0,0,1,0,0,1,0
1,0,0,0,1,0,0,0,0,1,0,0,0,1,0,1,0,0,1,0,0,0
1,0,0,0,1,0,0,0,0,1,0,0,0,1,0,1,0,0,0,1,0,0
1,0,0,0,1,0,0,0,0,1,0,0,0,1,0,1,0,0,0,0,1,0
1,0,0,0,1,0,0,0,0,1,0,0,0,1,0,0,1,0,1,0,0,0
1,0,0,0,1,0,0,0,0,1,0,0,0,1,0,0,1,0,0,1,0,0
1,0,0,0,1,0,0,0,0,1,0,0,0,1,0,0,1,0,0,0,1,0
1,0,0,0,1,0,0,0,0,1,0,0,0,1,0,0,0,1,1,0,0,0
1,0,0,0,1,0,0,0,0,1,0,0,0,1,0,0,0,1,0,1,0,0
1,0,0,0,1,0,0,0,0,1,0,0,0,1,0,0,0,1,0,0,1,0
1,0,0,0,1,0,0,0,0,1,0,0,0,0,1,1,0,0,1,0,0,0
1,0,0,0,1,0,0,0,0,1,0,0,0,0,1,1,0,0,0,1,0,0
1,0,0,0,1,0,0,0,0,1,0,0,0,0,1,1,0,0,0,0,1,0
1,0,0,0,1,0,0,0,0,1,0,0,0,0,1,0,1,0,1,0,0,0
1,0,0,0,1,0,0,0,0,1,0,0,0,0,1,0,1,0,0,1,0,0
1,0,0,0,1,0,0,0,0,1,0,0,0,0,1,0,1,0,0,0,1,0
1,0,0,0,1,0,0,0,0,1,0,0,0,0,1,0,0,1,1,0,0,0
1,0,0,0,1,0,0,0,0,1,0,0,0,0,1,0,0,1,0,1,0,0
1,0,0,0,1,0,0,0,0,1,0,0,0,0,1,0,0,1,0,0,1,0
1,0,0,0,1,0,0,0,0,0,1,0,1,0,0,1,0,0,1,0,0,0
1,0,0,0,1,0,0,0,0,0,1,0,1,0,0,1,0,0,0,1,0,0
1,0,0,0,1,0,0,0,0,0,1,0,1,0,0,1,0,0,0,0,1,0
1,0,0,0,1,0,0,0,0,0,1,0,1,0,0,0,1,0,1,0,0,0
1,0,0,0,1,0,0,0,0,0,1,0,1,0,0,0,1,0,0,1,0,0
1,0,0,0,1,0,0,0,0,0,1,0,1,0,0,0,1,0,0,0,1,0
1,0,0,0,1,0,0,0,0,0,1,0,1,0,0,0,0,1,1,0,0,0
1,0,0,0,1,0,0,0,0,0,1,0,1,0,0,0,0,1,0,1,0,0
1,0,0,0,1,0,0,0,0,0,1,0,1,0,0,0,0,1,0,0,1,0
1,0,0,0,1,0,0,0,0,0,1,0,0,1,0,1,0,0,1,0,0,0
1,0,0,0,1,0,0,0,0,0,1,0,0,1,0,1,0,0,0,1,0,0
1,0,0,0,1,0,0,0,0,0,1,0,0,1,0,1,0,0,0,0,1,0
1,0,0,0,1,0,0,0,0,0,1,0,0,1,0,0,1,0,1,0,0,0
1,0,0,0,1,0,0,0,0,0,1,0,0,1,0,0,1,0,0,1,0,0
1,0,0,0,1,0,0,0,0,0,1,0,0,1,0,0,1,0,0,0,1,0
1,0,0,0,1,0,0,0,0,0,1,0,0,1,0,0,0,1,1,0,0,0
1,0,0,0,1,0,0,0,0,0,1,0,0,1,0,0,0,1,0,1,0,0
1,0,0,0,1,0,0,0,0,0,1,0,0,1,0,0,0,1,0,0,1,0
1,0,0,0,1,0,0,0,0,0,1,0,0,0,1,1,0,0,1,0,0,0
1,0,0,0,1,0,0,0,0,0,1,0,0,0,1,1,0,0,0,1,0,0
1,0,0,0,1,0,0,0,0,0,1,0,0,0,1,1,0,0,0,0,1,0
1,0,0,0,1,0,0,0,0,0,1,0,0,0,1,0,1,0,1,0,0,0
1,0,0,0,1,0,0,0,0,0,1,0,0,0,1,0,1,0,0,1,0,0
1,0,0,0,1,0,0,0,0,0,1,0,0,0,1,0,1,0,0,0,1,0
1,0,0,0,1,0,0,0,0,0,1,0,0,0,1,0,0,1,1,0,0,0
1,0,0,0,1,0,0,0,0,0,1,0,0,0,1,0,0,1,0,1,0,0
1,0,0,0,1,0,0,0,0,0,1,0,0,0,1,0,0,1,0,0,1,0
1,0,0,0,1,0,0,0,0,0,0,1,1,0,0,1,0,0,1,0,0,0
1,0,0,0,1,0,0,0,0,0,0,1,1,0,0,1,0,0,0,1,0,0
1,0,0,0,1,0,0,0,0,0,0,1,1,0,0,1,0,0,0,0,1,0
1,0,0,0,1,0,0,0,0,0,0,1,1,0,0,0,1,0,1,0,0,0
1,0,0,0,1,0,0,0,0,0,0,1,1,0,0,0,1,0,0,1,0,0
1,0,0,0,1,0,0,0,0,0,0,1,1,0,0,0,1,0,0,0,1,0
1,0,0,0,1,0,0,0,0,0,0,1,1,0,0,0,0,1,1,0,0,0
1,0,0,0,1,0,0,0,0,0,0,1,1,0,0,0,0,1,0,1,0,0
1,0,0,0,1,0,0,0,0,0,0,1,1,0,0,0,0,1,0,0,1,0
1,0,0,0,1,0,0,0,0,0,0,1,0,1,0,1,0,0,1,0,0,0
1,0,0,0,1,0,0,0,0,0,0,1,0,1,0,1,0,0,0,1,0,0
1,0,0,0,1,0,0,0,0,0,0,1,0,1,0,1,0,0,0,0,1,0
1,0,0,0,1,0,0,0,0,0,0,1,0,1,0,0,1,0,1,0,0,0
1,0,0,0,1,0,0,0,0,0,0,1,0,1,0,0,1,0,0,1,0,0
1,0,0,0,1,0,0,0,0,0,0,1,0,1,0,0,1,0,0,0,1,0
1,0,0,0,1,0,0,0,0,0,0,1,0,1,0,0,0,1,1,0,0,0
1,0,0,0,1,0,0,0,0,0,0,1,0,1,0,0,0,1,0,1,0,0
1,0,0,0,1,0,0,0,0,0,0,1,0,1,0,0,0,1,0,0,1,0
1,0,0,0,1,0,0,0,0,0,0,1,0,0,1,1,0,0,1,0,0,0
1,0,0,0,1,0,0,0,0,0,0,1,0,0,1,1,0,0,0,1,0,0
1,0,0,0,1,0,0,0,0,0,0,1,0,0,1,1,0,0,0,0,1,0
1,0,0,0,1,0,0,0,0,0,0,1,0,0,1,0,1,0,1,0,0,0
1,0,0,0,1,0,0,0,0,0,0,1,0,0,1,0,1,0,0,1,0,0
1,0,0,0,1,0,0,0,0,0,0,1,0,0,1,0,1,0,0,0,1,0
1,0,0,0,1,0,0,0,0,0,0,1,0,0,1,0,0,1,1,0,0,0
1,0,0,0,1,0,0,0,0,0,0,1,0,0,1,0,0,1,0,1,0,0
1,0,0,0,1,0,0,0,0,0,0,1,0,0,1,0,0,1,0,0,1,0
1,0,0,0,0,1,0,0,1,0,0,0,1,0,0,1,0,0,1,0,0,0
1,0,0,0,0,1,0,0,1,0,0,0,1,0,0,1,0,0,0,1,0,0
1,0,0,0,0,1,0,0,1,0,0,0,1,0,0,1,0,0,0,0,1,0
1,0,0,0,0,1,0,0,1,0,0,0,1,0,0,0,1,0,1,0,0,0
1,0,0,0,0,1,0,0,1,0,0,0,1,0,0,0,1,0,0,1,0,0
1,0,0,0,0,1,0,0,1,0,0,0,1,0,0,0,1,0,0,0,1,0
1,0,0,0,0,1,0,0,1,0,0,0,1,0,0,0,0,1,1,0,0,0
1,0,0,0,0,1,0,0,1,0,0,0,1,0,0,0,0,1,0,1,0,0
1,0,0,0,0,1,0,0,1,0,0,0,1,0,0,0,0,1,0,0,1,0
1,0,0,0,0,1,0,0,1,0,0,0,0,1,0,1,0,0,1,0,0,0
1,0,0,0,0,1,0,0,1,0,0,0,0,1,0,1,0,0,0,1,0,0
1,0,0,0,0,1,0,0,1,0,0,0,0,1,0,1,0,0,0,0,1,0
1,0,0,0,0,1,0,0,1,0,0,0,0,1,0,0,1,0,1,0,0,0
1,0,0,0,0,1,0,0,1,0,0,0,0,1,0,0,1,0,0,1,0,0
1,0,0,0,0,1,0,0,1,0,0,0,0,1,0,0,1,0,0,0,1,0
1,0,0,0,0,1,0,0,1,0,0,0,0,1,0,0,0,1,1,0,0,0
1,0,0,0,0,1,0,0,1,0,0,0,0,1,0,0,0,1,0,1,0,0
1,0,0,0,0,1,0,0,1,0,0,0,0,1,0,0,0,1,0,0,1,0
1,0,0,0,0,1,0,0,1,0,0,0,0,0,1,1,0,0,1,0,0,0
1,0,0,0,0,1,0,0,1,0,0,0,0,0,1,1,0,0,0,1,0,0
1,0,0,0,0,1,0,0,1,0,0,0,0,0,1,1,0,0,0,0,1,0
1,0,0,0,0,1,0,0,1,0,0,0,0,0,1,0,1,0,1,0,0,0
1,0,0,0,0,1,0,0,1,0,0,0,0,0,1,0,1,0,0,1,0,0
1,0,0,0,0,1,0,0,1,0,0,0,0,0,1,0,1,0,0,0,1,0
1,0,0,0,0,1,0,0,1,0,0,0,0,0,1,0,0,1,1,0,0,0
1,0,0,0,0,1,0,0,1,0,0,0,0,0,1,0,0,1,0,1,0,0
1,0,0,0,0,1,0,0,1,0,0,0,0,0,1,0,0,1,0,0,1,0
1,0,0,0,0,1,0,0,0,1,0,0,1,0,0,1,0,0,1,0,0,0
1,0,0,0,0,1,0,0,0,1,0,0,1,0,0,1,0,0,0,1,0,0
1,0,0,0,0,1,0,0,0,1,0,0,1,0,0,1,0,0,0,0,1,0
1,0,0,0,0,1,0,0,0,1,0,0,1,0,0,0,1,0,1,0,0,0
1,0,0,0,0,1,0,0,0,1,0,0,1,0,0,0,1,0,0,1,0,0
1,0,0,0,0,1,0,0,0,1,0,0,1,0,0,0,1,0,0,0,1,0
1,0,0,0,0,1,0,0,0,1,0,0,1,0,0,0,0,1,1,0,0,0
1,0,0,0,0,1,0,0,0,1,0,0,1,0,0,0,0,1,0,1,0,0
1,0,0,0,0,1,0,0,0,1,0,0,1,0,0,0,0,1,0,0,1,0
1,0,0,0,0,1,0,0,0,1,0,0,0,1,0,1,0,0,1,0,0,0
1,0,0,0,0,1,0,0,0,1,0,0,0,1,0,1,0,0,0,1,0,0
1,0,0,0,0,1,0,0,0,1,0,0,0,1,0,1,0,0,0,0,1,0
1,0,0,0,0,1,0,0,0,1,0,0,0,1,0,0,1,0,1,0,0,0
1,0,0,0,0,1,0,0,0,1,0,0,0,1,0,0,1,0,0,1,0,0
1,0,0,0,0,1,0,0,0,1,0,0,0,1,0,0,1,0,0,0,1,0
1,0,0,0,0,1,0,0,0,1,0,0,0,1,0,0,0,1,1,0,0,0
1,0,0,0,0,1,0,0,0,1,0,0,0,1,0,0,0,1,0,1,0,0
1,0,0,0,0,1,0,0,0,1,0,0,0,1,0,0,0,1,0,0,1,0
1,0,0,0,0,1,0,0,0,1,0,0,0,0,1,1,0,0,1,0,0,0
1,0,0,0,0,1,0,0,0,1,0,0,0,0,1,1,0,0,0,1,0,0
1,0,0,0,0,1,0,0,0,1,0,0,0,0,1,1,0,0,0,0,1,0
1,0,0,0,0,1,0,0,0,1,0,0,0,0,1,0,1,0,1,0,0,0
1,0,0,0,0,1,0,0,0,1,0,0,0,0,1,0,1,0,0,1,0,0
1,0,0,0,0,1,0,0,0,1,0,0,0,0,1,0,1,0,0,0,1,0
1,0,0,0,0,1,0,0,0,1,0,0,0,0,1,0,0,1,1,0,0,0
1,0,0,0,0,1,0,0,0,1,0,0,0,0,1,0,0,1,0,1,0,0
1,0,0,0,0,1,0,0,0,1,0,0,0,0,1,0,0,1,0,0,1,0
1,0,0,0,0,1,0,0,0,0,1,0,1,0,0,1,0,0,1,0,0,0
1,0,0,0,0,1,0,0,0,0,1,0,1,0,0,1,0,0,0,1,0,0
1,0,0,0,0,1,0,0,0,0,1,0,1,0,0,1,0,0,0,0,1,0
1,0,0,0,0,1,0,0,0,0,1,0,1,0,0,0,1,0,1,0,0,0
1,0,0,0,0,1,0,0,0,0,1,0,1,0,0,0,1,0,0,1,0,0
1,0,0,0,0,1,0,0,0,0,1,0,1,0,0,0,1,0,0,0,1,0
1,0,0,0,0,1,0,0,0,0,1,0,1,0,0,0,0,1,1,0,0,0
1,0,0,0,0,1,0,0,0,0,1,0,1,0,0,0,0,1,0,1,0,0
1,0,0,0,0,1,0,0,0,0,1,0,1,0,0,0,0,1,0,0,1,0
1,0,0,0,0,1,0,0,0,0,1,0,0,1,0,1,0,0,1,0,0,0
1,0,0,0,0,1,0,0,0,0,1,0,0,1,0,1,0,0,0,1,0,0
1,0,0,0,0,1,0,0,0,0,1,0,0,1,0,1,0,0,0,0,1,0
1,0,0,0,0,1,0,0,0,0,1,0,0,1,0,0,1,0,1,0,0,0
1,0,0,0,0,1,0,0,0,0,1,0,0,1,0,0,1,0,0,1,0,0
1,0,0,0,0,1,0,0,0,0,1,0,0,1,0,0,1,0,0,0,1,0
1,0,0,0,0,1,0,0,0,0,1,0,0,1,0,0,0,1,1,0,0,0
1,0,0,0,0,1,0,0,0,0,1,0,0,1,0,0,0,1,0,1,0,0
1,0,0,0,0,1,0,0,0,0,1,0,0,1,0,0,0,1,0,0,1,0
1,0,0,0,0,1,0,0,0,0,1,0,0,0,1,1,0,0,1,0,0,0
1,0,0,0,0,1,0,0,0,0,1,0,0,0,1,1,0,0,0,1,0,0
1,0,0,0,0,1,0,0,0,0,1,0,0,0,1,1,0,0,0,0,1,0
1,0,0,0,0,1,0,0,0,0,1,0,0,0,1,0,1,0,1,0,0,0
1,0,0,0,0,1,0,0,0,0,1,0,0,0,1,0,1,0,0,1,0,0
1,0,0,0,0,1,0,0,0,0,1,0,0,0,1,0,1,0,0,0,1,0
1,0,0,0,0,1,0,0,0,0,1,0,0,0,1,0,0,1,1,0,0,0
1,0,0,0,0,1,0,0,0,0,1,0,0,0,1,0,0,1,0,1,0,0
1,0,0,0,0,1,0,0,0,0,1,0,0,0,1,0,0,1,0,0,1,0
1,0,0,0,0,1,0,0,0,0,0,1,1,0,0,1,0,0,1,0,0,0
1,0,0,0,0,1,0,0,0,0,0,1,1,0,0,1,0,0,0,1,0,0
1,0,0,0,0,1,0,0,0,0,0,1,1,0,0,1,0,0,0,0,1,0
1,0,0,0,0,1,0,0,0,0,0,1,1,0,0,0,1,0,1,0,0,0
1,0,0,0,0,1,0,0,0,0,0,1,1,0,0,0,1,0,0,1,0,0
1,0,0,0,0,1,0,0,0,0,0,1,1,0,0,0,1,0,0,0,1,0
1,0,0,0,0,1,0,0,0,0,0,1,1,0,0,0,0,1,1,0,0,0
1,0,0,0,0,1,0,0,0,0,0,1,1,0,0,0,0,1,0,1,0,0
1,0,0,0,0,1,0,0,0,0,0,1,1,0,0,0,0,1,0,0,1,0
1,0,0,0,0,1,0,0,0,0,0,1,0,1,0,1,0,0,1,0,0,0
1,0,0,0,0,1,0,0,0,0,0,1,0,1,0,1,0,0,0,1,0,0
1,0,0,0,0,1,0,0,0,0,0,1,0,1,0,1,0,0,0,0,1,0
1,0,0,0,0,1,0,0,0,0,0,1,0,1,0,0,1,0,1,0,0,0
1,0,0,0,0,1,0,0,0,0,0,1,0,1,0,0,1,0,0,1,0,0
1,0,0,0,0,1,0,0,0,0,0,1,0,1,0,0,1,0,0,0,1,0
1,0,0,0,0,1,0,0,0,0,0,1,0,1,0,0,0,1,1,0,0,0
1,0,0,0,0,1,0,0,0,0,0,1,0,1,0,0,0,1,0,1,0,0
1,0,0,0,0,1,0,0,0,0,0,1,0,1,0,0,0,1,0,0,1,0
1,0,0,0,0,1,0,0,0,0,0,1,0,0,1,1,0,0,1,0,0,0
1,0,0,0,0,1,0,0,0,0,0,1,0,0,1,1,0,0,0,1,0,0
1,0,0,0,0,1,0,0,0,0,0,1,0,0,1,1,0,0,0,0,1,0
1,0,0,0,0,1,0,0,0,0,0,1,0,0,1,0,1,0,1,0,0,0
1,0,0,0,0,1,0,0,0,0,0,1,0,0,1,0,1,0,0,1,0,0
1,0,0,0,0,1,0,0,0,0,0,1,0,0,1,0,1,0,0,0,1,0
1,0,0,0,0,1,0,0,0,0,0,1,0,0,1,0,0,1,1,0,0,0
1,0,0,0,0,1,0,0,0,0,0,1,0,0,1,0,0,1,0,1,0,0
1,0,0,0,0,1,0,0,0,0,0,1,0,0,1,0,0,1,0,0,1,0
1,0,0,0,0,0,1,0,1,0,0,0,1,0,0,1,0,0,1,0,0,0
1,0,0,0,0,0,1,0,1,0,0,0,1,0,0,1,0,0,0,1,0,0
1,0,0,0,0,0,1,0,1,0,0,0,1,0,0,1,0,0,0,0,1,0
1,0,0,0,0,0,1,0,1,0,0,0,1,0,0,0,1,0,1,0,0,0
1,0,0,0,0,0,1,0,1,0,0,0,1,0,0,0,1,0,0,1,0,0
1,0,0,0,0,0,1,0,1,0,0,0,1,0,0,0,1,0,0,0,1,0
1,0,0,0,0,0,1,0,1,0,0,0,1,0,0,0,0,1,1,0,0,0
1,0,0,0,0,0,1,0,1,0,0,0,1,0,0,0,0,1,0,1,0,0
1,0,0,0,0,0,1,0,1,0,0,0,1,0,0,0,0,1,0,0,1,0
1,0,0,0,0,0,1,0,1,0,0,0,0,1,0,1,0,0,1,0,0,0
1,0,0,0,0,0,1,0,1,0,0,0,0,1,0,1,0,0,0,1,0,0
1,0,0,0,0,0,1,0,1,0,0,0,0,1,0,1,0,0,0,0,1,1
1,0,0,0,0,0,1,0,1,0,0,0,0,1,0,0,1,0,1,0,0,0
1,0,0,0,0,0,1,0,1,0,0,0,0,1,0,0,1,0,0,1,0,0
1,0,0,0,0,0,1,0,1,0,0,0,0,1,0,0,1,0,0,0,1,1
1,0,0,0,0,0,1,0,1,0,0,0,0,1,0,0,0,1,1,0,0,0
1,0,0,0,0,0,1,0,1,0,0,0,0,1,0,0,0,1,0,1,0,1
1,0,0,0,0,0,1,0,1,0,0,0,0,1,0,0,0,1,0,0,1,1
1,0,0,0,0,0,1,0,1,0,0,0,0,0,1,1,0,0,1,0,0,0
1,0,0,0,0,0,1,0,1,0,0,0,0,0,1,1,0,0,0,1,0,0
1,0,0,0,0,0,1,0,1,0,0,0,0,0,1,1,0,0,0,0,1,0
1,0,0,0,0,0,1,0,1,0,0,0,0,0,1,0,1,0,1,0,0,0
1,0,0,0,0,0,1,0,1,0,0,0,0,0,1,0,1,0,0,1,0,0
1,0,0,0,0,0,1,0,1,0,0,0,0,0,1,0,1,0,0,0,1,1
1,0,0,0,0,0,1,0,1,0,0,0,0,0,1,0,0,1,1,0,0,0
1,0,0,0,0,0,1,0,1,0,0,0,0,0,1,0,0,1,0,1,0,1
1,0,0,0,0,0,1,0,1,0,0,0,0,0,1,0,0,1,0,0,1,1
1,0,0,0,0,0,1,0,0,1,0,0,1,0,0,1,0,0,1,0,0,0
1,0,0,0,0,0,1,0,0,1,0,0,1,0,0,1,0,0,0,1,0,0
1,0,0,0,0,0,1,0,0,1,0,0,1,0,0,1,0,0,0,0,1,0
1,0,0,0,0,0,1,0,0,1,0,0,1,0,0,0,1,0,1,0,0,0
1,0,0,0,0,0,1,0,0,1,0,0,1,0,0,0,1,0,0,1,0,0
1,0,0,0,0,0,1,0,0,1,0,0,1,0,0,0,1,0,0,0,1,0
1,0,0,0,0,0,1,0,0,1,0,0,1,0,0,0,0,1,1,0,0,0
1,0,0,0,0,0,1,0,0,1,0,0,1,0,0,0,0,1,0,1,0,0
1,0,0,0,0,0,1,0,0,1,0,0,1,0,0,0,0,1,0,0,1,0
1,0,0,0,0,0,1,0,0,1,0,0,0,1,0,1,0,0,1,0,0,0
1,0,0,0,0,0,1,0,0,1,0,0,0,1,0,1,0,0,0,1,0,0
1,0,0,0,0,0,1,0,0,1,0,0,0,1,0,1,0,0,0,0,1,1
1,0,0,0,0,0,1,0,0,1,0,0,0,1,0,0,1,0,1,0,0,0
1,0,0,0,0,0,1,0,0,1,0,0,0,1,0,0,1,0,0,1,0,0
1,0,0,0,0,0,1,0,0,1,0,0,0,1,0,0,1,0,0,0,1,1
1,0,0,0,0,0,1,0,0,1,0,0,0,1,0,0,0,1,1,0,0,0
1,0,0,0,0,0,1,0,0,1,0,0,0,1,0,0,0,1,0,1,0,1
1,0,0,0,0,0,1,0,0,1,0,0,0,1,0,0,0,1,0,0,1,1
1,0,0,0,0,0,1,0,0,1,0,0,0,0,1,1,0,0,1,0,0,0
1,0,0,0,0,0,1,0,0,1,0,0,0,0,1,1,0,0,0,1,0,0
1,0,0,0,0,0,1,0,0,1,0,0,0,0,1,1,0,0,0,0,1,1
1,0,0,0,0,0,1,0,0,1,0,0,0,0,1,0,1,0,1,0,0,0
1,0,0,0,0,0,1,0,0,1,0,0,0,0,1,0,1,0,0,1,0,1
1,0,0,0,0,0,1,0,0,1,0,0,0,0,1,0,1,0,0,0,1,1
1,0,0,0,0,0,1,0,0,1,0,0,0,0,1,0,0,1,1,0,0,0
1,0,0,0,0,0,1,0,0,1,0,0,0,0,1,0,0,1,0,1,0,1
1,0,0,0,0,0,1,0,0,1,0,0,0,0,1,0,0,1,0,0,1,1
1,0,0,0,0,0,1,0,0,0,1,0,1,0,0,1,0,0,1,0,0,0
1,0,0,0,0,0,1,0,0,0,1,0,1,0,0,1,0,0,0,1,0,0
1,0,0,0,0,0,1,0,0,0,1,0,1,0,0,1,0,0,0,0,1,0
1,0,0,0,0,0,1,0,0,0,1,0,1,0,0,0,1,0,1,0,0,0
1,0,0,0,0,0,1,0,0,0,1,0,1,0,0,0,1,0,0,1,0,0
1,0,0,0,0,0,1,0,0,0,1,0,1,0,0,0,1,0,0,0,1,0
1,0,0,0,0,0,1,0,0,0,1,0,1,0,0,0,0,1,1,0,0,0
1,0,0,0,0,0,1,0,0,0,1,0,1,0,0,0,0,1,0,1,0,0
1,0,0,0,0,0,1,0,0,0,1,0,1,0,0,0,0,1,0,0,1,0
1,0,0,0,0,0,1,0,0,0,1,0,0,1,0,1,0,0,1,0,0,0
1,0,0,0,0,0,1,0,0,0,1,0,0,1,0,1,0,0,0,1,0,0
1,0,0,0,0,0,1,0,0,0,1,0,0,1,0,1,0,0,0,0,1,1
1,0,0,0,0,0,1,0,0,0,1,0,0,1,0,0,1,0,1,0,0,0
1,0,0,0,0,0,1,0,0,0,1,0,0,1,0,0,1,0,0,1,0,1
1,0,0,0,0,0,1,0,0,0,1,0,0,1,0,0,1,0,0,0,1,1
1,0,0,0,0,0,1,0,0,0,1,0,0,1,0,0,0,1,1,0,0,0
1,0,0,0,0,0,1,0,0,0,1,0,0,1,0,0,0,1,0,1,0,1
1,0,0,0,0,0,1,0,0,0,1,0,0,1,0,0,0,1,0,0,1,1
1,0,0,0,0,0,1,0,0,0,1,0,0,0,1,1,0,0,1,0,0,0
1,0,0,0,0,0,1,0,0,0,1,0,0,0,1,1,0,0,0,1,0,0
1,0,0,0,0,0,1,0,0,0,1,0,0,0,1,1,0,0,0,0,1,1
1,0,0,0,0,0,1,0,0,0,1,0,0,0,1,0,1,0,1,0,0,0
1,0,0,0,0,0,1,0,0,0,1,0,0,0,1,0,1,0,0,1,0,1
1,0,0,0,0,0,1,0,0,0,1,0,0,0,1,0,1,0,0,0,1,1
1,0,0,0,0,0,1,0,0,0,1,0,0,0,1,0,0,1,1,0,0,0
1,0,0,0,0,0,1,0,0,0,1,0,0,0,1,0,0,1,0,1,0,1
1,0,0,0,0,0,1,0,0,0,1,0,0,0,1,0,0,1,0,0,1,1
1,0,0,0,0,0,1,0,0,0,0,1,1,0,0,1,0,0,1,0,0,0
1,0,0,0,0,0,1,0,0,0,0,1,1,0,0,1,0,0,0,1,0,0
1,0,0,0,0,0,1,0,0,0,0,1,1,0,0,1,0,0,0,0,1,0
1,0,0,0,0,0,1,0,0,0,0,1,1,0,0,0,1,0,1,0,0,0
1,0,0,0,0,0,1,0,0,0,0,1,1,0,0,0,1,0,0,1,0,0
1,0,0,0,0,0,1,0,0,0,0,1,1,0,0,0,1,0,0,0,1,0
1,0,0,0,0,0,1,0,0,0,0,1,1,0,0,0,0,1,1,0,0,0
1,0,0,0,0,0,1,0,0,0,0,1,1,0,0,0,0,1,0,1,0,0
1,0,0,0,0,0,1,0,0,0,0,1,1,0,0,0,0,1,0,0,1,0
1,0,0,0,0,0,1,0,0,0,0,1,0,1,0,1,0,0,1,0,0,0
1,0,0,0,0,0,1,0,0,0,0,1,0,1,0,1,0,0,0,1,0,0
1,0,0,0,0,0,1,0,0,0,0,1,0,1,0,1,0,0,0,0,1,1
1,0,0,0,0,0,1,0,0,0,0,1,0,1,0,0,1,0,1,0,0,0
1,0,0,0,0,0,1,0,0,0,0,1,0,1,0,0,1,0,0,1,0,1
1,0,0,0,0,0,1,0,0,0,0,1,0,1,0,0,1,0,0,0,1,1
1,0,0,0,0,0,1,0,0,0,0,1,0,1,0,0,0,1,1,0,0,0
1,0,0,0,0,0,1,0,0,0,0,1,0,1,0,0,0,1,0,1,0,1
1,0,0,0,0,0,1,0,0,0,0,1,0,1,0,0,0,1,0,0,1,1
1,0,0,0,0,0,1,0,0,0,0,1,0,0,1,1,0,0,1,0,0,0
1,0,0,0,0,0,1,0,0,0,0,1,0,0,1,1,0,0,0,1,0,0
1,0,0,0,0,0,1,0,0,0,0,1,0,0,1,1,0,0,0,0,1,1
1,0,0,0,0,0,1,0,0,0,0,1,0,0,1,0,1,0,1,0,0,0
1,0,0,0,0,0,1,0,0,0,0,1,0,0,1,0,1,0,0,1,0,1
1,0,0,0,0,0,1,0,0,0,0,1,0,0,1,0,1,0,0,0,1,1
1,0,0,0,0,0,1,0,0,0,0,1,0,0,1,0,0,1,1,0,0,0
1,0,0,0,0,0,1,0,0,0,0,1,0,0,1,0,0,1,0,1,0,1
1,0,0,0,0,0,1,0,0,0,0,1,0,0,1,0,0,1,0,0,1,1
1,0,0,0,0,0,0,1,1,0,0,0,1,0,0,1,0,0,1,0,0,0
1,0,0,0,0,0,0,1,1,0,0,0,1,0,0,1,0,0,0,1,0,0
1,0,0,0,0,0,0,1,1,0,0,0,1,0,0,1,0,0,0,0,1,0
1,0,0,0,0,0,0,1,1,0,0,0,1,0,0,0,1,0,1,0,0,0
1,0,0,0,0,0,0,1,1,0,0,0,1,0,0,0,1,0,0,1,0,0
1,0,0,0,0,0,0,1,1,0,0,0,1,0,0,0,1,0,0,0,1,0
1,0,0,0,0,0,0,1,1,0,0,0,1,0,0,0,0,1,1,0,0,0
1,0,0,0,0,0,0,1,1,0,0,0,1,0,0,0,0,1,0,1,0,0
1,0,0,0,0,0,0,1,1,0,0,0,1,0,0,0,0,1,0,0,1,0
1,0,0,0,0,0,0,1,1,0,0,0,0,1,0,1,0,0,1,0,0,0
1,0,0,0,0,0,0,1,1,0,0,0,0,1,0,1,0,0,0,1,0,0
1,0,0,0,0,0,0,1,1,0,0,0,0,1,0,1,0,0,0,0,1,1
1,0,0,0,0,0,0,1,1,0,0,0,0,1,0,0,1,0,1,0,0,0
1,0,0,0,0,0,0,1,1,0,0,0,0,1,0,0,1,0,0,1,0,0
1,0,0,0,0,0,0,1,1,0,0,0,0,1,0,0,1,0,0,0,1,1
1,0,0,0,0,0,0,1,1,0,0,0,0,1,0,0,0,1,1,0,0,0
1,0,0,0,0,0,0,1,1,0,0,0,0,1,0,0,0,1,0,1,0,1
1,0,0,0,0,0,0,1,1,0,0,0,0,1,0,0,0,1,0,0,1,1
1,0,0,0,0,0,0,1,1,0,0,0,0,0,1,1,0,0,1,0,0,0
1,0,0,0,0,0,0,1,1,0,0,0,0,0,1,1,0,0,0,1,0,0
1,0,0,0,0,0,0,1,1,0,0,0,0,0,1,1,0,0,0,0,1,0
1,0,0,0,0,0,0,1,1,0,0,0,0,0,1,0,1,0,1,0,0,0
1,0,0,0,0,0,0,1,1,0,0,0,0,0,1,0,1,0,0,1,0,0
1,0,0,0,0,0,0,1,1,0,0,0,0,0,1,0,1,0,0,0,1,1
1,0,0,0,0,0,0,1,1,0,0,0,0,0,1,0,0,1,1,0,0,0
1,0,0,0,0,0,0,1,1,0,0,0,0,0,1,0,0,1,0,1,0,1
1,0,0,0,0,0,0,1,1,0,0,0,0,0,1,0,0,1,0,0,1,1
1,0,0,0,0,0,0,1,0,1,0,0,1,0,0,1,0,0,1,0,0,0
1,0,0,0,0,0,0,1,0,1,0,0,1,0,0,1,0,0,0,1,0,0
1,0,0,0,0,0,0,1,0,1,0,0,1,0,0,1,0,0,0,0,1,0
1,0,0,0,0,0,0,1,0,1,0,0,1,0,0,0,1,0,1,0,0,0
1,0,0,0,0,0,0,1,0,1,0,0,1,0,0,0,1,0,0,1,0,0
1,0,0,0,0,0,0,1,0,1,0,0,1,0,0,0,1,0,0,0,1,0
1,0,0,0,0,0,0,1,0,1,0,0,1,0,0,0,0,1,1,0,0,0
1,0,0,0,0,0,0,1,0,1,0,0,1,0,0,0,0,1,0,1,0,0
1,0,0,0,0,0,0,1,0,1,0,0,1,0,0,0,0,1,0,0,1,0
1,0,0,0,0,0,0,1,0,1,0,0,0,1,0,1,0,0,1,0,0,0
1,0,0,0,0,0,0,1,0,1,0,0,0,1,0,1,0,0,0,1,0,0
1,0,0,0,0,0,0,1,0,1,0,0,0,1,0,1,0,0,0,0,1,1
1,0,0,0,0,0,0,1,0,1,0,0,0,1,0,0,1,0,1,0,0,0
1,0,0,0,0,0,0,1,0,1,0,0,0,1,0,0,1,0,0,1,0,0
1,0,0,0,0,0,0,1,0,1,0,0,0,1,0,0,1,0,0,0,1,1
1,0,0,0,0,0,0,1,0,1,0,0,0,1,0,0,0,1,1,0,0,0
1,0,0,0,0,0,0,1,0,1,0,0,0,1,0,0,0,1,0,1,0,1
1,0,0,0,0,0,0,1,0,1,0,0,0,1,0,0,0,1,0,0,1,1
1,0,0,0,0,0,0,1,0,1,0,0,0,0,1,1,0,0,1,0,0,0
1,0,0,0,0,0,0,1,0,1,0,0,0,0,1,1,0,0,0,1,0,0
1,0,0,0,0,0,0,1,0,1,0,0,0,0,1,1,0,0,0,0,1,1
1,0,0,0,0,0,0,1,0,1,0,0,0,0,1,0,1,0,1,0,0,0
1,0,0,0,0,0,0,1,0,1,0,0,0,0,1,0,1,0,0,1,0,1
1,0,0,0,0,0,0,1,0,1,0,0,0,0,1,0,1,0,0,0,1,1
1,0,0,0,0,0,0,1,0,1,0,0,0,0,1,0,0,1,1,0,0,0
1,0,0,0,0,0,0,1,0,1,0,0,0,0,1,0,0,1,0,1,0,1
1,0,0,0,0,0,0,1,0,1,0,0,0,0,1,0,0,1,0,0,1,1
1,0,0,0,0,0,0,1,0,0,1,0,1,0,0,1,0,0,1,0,0,0
1,0,0,0,0,0,0,1,0,0,1,0,1,0,0,1,0,0,0,1,0,0
1,0,0,0,0,0,0,1,0,0,1,0,1,0,0,1,0,0,0,0,1,0
1,0,0,0,0,0,0,1,0,0,1,0,1,0,0,0,1,0,1,0,0,0
1,0,0,0,0,0,0,1,0,0,1,0,1,0,0,0,1,0,0,1,0,0
1,0,0,0,0,0,0,1,0,0,1,0,1,0,0,0,1,0,0,0,1,0
1,0,0,0,0,0,0,1,0,0,1,0,1,0,0,0,0,1,1,0,0,0
1,0,0,0,0,0,0,1,0,0,1,0,1,0,0,0,0,1,0,1,0,0
1,0,0,0,0,0,0,1,0,0,1,0,1,0,0,0,0,1,0,0,1,0
1,0,0,0,0,0,0,1,0,0,1,0,0,1,0,1,0,0,1,0,0,0
1,0,0,0,0,0,0,1,0,0,1,0,0,1,0,1,0,0,0,1,0,0
1,0,0,0,0,0,0,1,0,0,1,0,0,1,0,1,0,0,0,0,1,1
1,0,0,0,0,0,0,1,0,0,1,0,0,1,0,0,1,0,1,0,0,0
1,0,0,0,0,0,0,1,0,0,1,0,0,1,0,0,1,0,0,1,0,1
1,0,0,0,0,0,0,1,0,0,1,0,0,1,0,0,1,0,0,0,1,1
1,0,0,0,0,0,0,1,0,0,1,0,0,1,0,0,0,1,1,0,0,0
1,0,0,0,0,0,0,1,0,0,1,0,0,1,0,0,0,1,0,1,0,1
1,0,0,0,0,0,0,1,0,0,1,0,0,1,0,0,0,1,0,0,1,1
1,0,0,0,0,0,0,1,0,0,1,0,0,0,1,1,0,0,1,0,0,0
1,0,0,0,0,0,0,1,0,0,1,0,0,0,1,1,0,0,0,1,0,0
1,0,0,0,0,0,0,1,0,0,1,0,0,0,1,1,0,0,0,0,1,1
1,0,0,0,0,0,0,1,0,0,1,0,0,0,1,0,1,0,1,0,0,0
1,0,0,0,0,0,0,1,0,0,1,0,0,0,1,0,1,0,0,1,0,1
1,0,0,0,0,0,0,1,0,0,1,0,0,0,1,0,1,0,0,0,1,1
1,0,0,0,0,0,0,1,0,0,1,0,0,0,1,0,0,1,1,0,0,0
1,0,0,0,0,0,0,1,0,0,1,0,0,0,1,0,0,1,0,1,0,1
1,0,0,0,0,0,0,1,0,0,1,0,0,0,1,0,0,1,0,0,1,1
1,0,0,0,0,0,0,1,0,0,0,1,1,0,0,1,0,0,1,0,0,0
1,0,0,0,0,0,0,1,0,0,0,1,1,0,0,1,0,0,0,1,0,0
1,0,0,0,0,0,0,1,0,0,0,1,1,0,0,1,0,0,0,0,1,0
1,0,0,0,0,0,0,1,0,0,0,1,1,0,0,0,1,0,1,0,0,0
1,0,0,0,0,0,0,1,0,0,0,1,1,0,0,0,1,0,0,1,0,0
1,0,0,0,0,0,0,1,0,0,0,1,1,0,0,0,1,0,0,0,1,0
1,0,0,0,0,0,0,1,0,0,0,1,1,0,0,0,0,1,1,0,0,0
1,0,0,0,0,0,0,1,0,0,0,1,1,0,0,0,0,1,0,1,0,0
1,0,0,0,0,0,0,1,0,0,0,1,1,0,0,0,0,1,0,0,1,0
1,0,0,0,0,0,0,1,0,0,0,1,0,1,0,1,0,0,1,0,0,0
1,0,0,0,0,0,0,1,0,0,0,1,0,1,0,1,0,0,0,1,0,0
1,0,0,0,0,0,0,1,0,0,0,1,0,1,0,1,0,0,0,0,1,1
1,0,0,0,0,0,0,1,0,0,0,1,0,1,0,0,1,0,1,0,0,0
1,0,0,0,0,0,0,1,0,0,0,1,0,1,0,0,1,0,0,1,0,1
1,0,0,0,0,0,0,1,0,0,0,1,0,1,0,0,1,0,0,0,1,1
1,0,0,0,0,0,0,1,0,0,0,1,0,1,0,0,0,1,1,0,0,0
1,0,0,0,0,0,0,1,0,0,0,1,0,1,0,0,0,1,0,1,0,1
1,0,0,0,0,0,0,1,0,0,0,1,0,1,0,0,0,1,0,0,1,1
1,0,0,0,0,0,0,1,0,0,0,1,0,0,1,1,0,0,1,0,0,0
1,0,0,0,0,0,0,1,0,0,0,1,0,0,1,1,0,0,0,1,0,0
1,0,0,0,0,0,0,1,0,0,0,1,0,0,1,1,0,0,0,0,1,1
1,0,0,0,0,0,0,1,0,0,0,1,0,0,1,0,1,0,1,0,0,0
1,0,0,0,0,0,0,1,0,0,0,1,0,0,1,0,1,0,0,1,0,1
1,0,0,0,0,0,0,1,0,0,0,1,0,0,1,0,1,0,0,0,1,1
1,0,0,0,0,0,0,1,0,0,0,1,0,0,1,0,0,1,1,0,0,0
1,0,0,0,0,0,0,1,0,0,0,1,0,0,1,0,0,1,0,1,0,1
1,0,0,0,0,0,0,1,0,0,0,1,0,0,1,0,0,1,0,0,1,1
0,1,0,0,1,0,0,0,1,0,0,0,1,0,0,1,0,0,1,0,0,0
0,1,0,0,1,0,0,0,1,0,0,0,1,0,0,1,0,0,0,1,0,0
0,1,0,0,1,0,0,0,1,0,0,0,1,0,0,1,0,0,0,0,1,0
0,1,0,0,1,0,0,0,1,0,0,0,1,0,0,0,1,0,1,0,0,0
0,1,0,0,1,0,0,0,1,0,0,0,1,0,0,0,1,0,0,1,0,0
0,1,0,0,1,0,0,0,1,0,0,0,1,0,0,0,1,0,0,0,1,0
0,1,0,0,1,0,0,0,1,0,0,0,1,0,0,0,0,1,1,0,0,0
0,1,0,0,1,0,0,0,1,0,0,0,1,0,0,0,0,1,0,1,0,0
0,1,0,0,1,0,0,0,1,0,0,0,1,0,0,0,0,1,0,0,1,0
0,1,0,0,1,0,0,0,1,0,0,0,0,1,0,1,0,0,1,0,0,0
0,1,0,0,1,0,0,0,1,0,0,0,0,1,0,1,0,0,0,1,0,0
0,1,0,0,1,0,0,0,1,0,0,0,0,1,0,1,0,0,0,0,1,0
0,1,0,0,1,0,0,0,1,0,0,0,0,1,0,0,1,0,1,0,0,0
0,1,0,0,1,0,0,0,1,0,0,0,0,1,0,0,1,0,0,1,0,0
0,1,0,0,1,0,0,0,1,0,0,0,0,1,0,0,1,0,0,0,1,0
0,1,0,0,1,0,0,0,1,0,0,0,0,1,0,0,0,1,1,0,0,0
0,1,0,0,1,0,0,0,1,0,0,0,0,1,0,0,0,1,0,1,0,0
0,1,0,0,1,0,0,0,1,0,0,0,0,1,0,0,0,1,0,0,1,0
0,1,0,0,1,0,0,0,1,0,0,0,0,0,1,1,0,0,1,0,0,0
0,1,0,0,1,0,0,0,1,0,0,0,0,0,1,1,0,0,0,1,0,0
0,1,0,0,1,0,0,0,1,0,0,0,0,0,1,1,0,0,0,0,1,0
0,1,0,0,1,0,0,0,1,0,0,0,0,0,1,0,1,0,1,0,0,0
0,1,0,0,1,0,0,0,1,0,0,0,0,0,1,0,1,0,0,1,0,0
0,1,0,0,1,0,0,0,1,0,0,0,0,0,1,0,1,0,0,0,1,0
0,1,0,0,1,0,0,0,1,0,0,0,0,0,1,0,0,1,1,0,0,0
0,1,0,0,1,0,0,0,1,0,0,0,0,0,1,0,0,1,0,1,0,0
0,1,0,0,1,0,0,0,1,0,0,0,0,0,1,0,0,1,0,0,1,0
0,1,0,0,1,0,0,0,0,1,0,0,1,0,0,1,0,0,1,0,0,0
0,1,0,0,1,0,0,0,0,1,0,0,1,0,0,1,0,0,0,1,0,0
0,1,0,0,1,0,0,0,0,1,0,0,1,0,0,1,0,0,0,0,1,0
0,1,0,0,1,0,0,0,0,1,0,0,1,0,0,0,1,0,1,0,0,0
0,1,0,0,1,0,0,0,0,1,0,0,1,0,0,0,1,0,0,1,0,0
0,1,0,0,1,0,0,0,0,1,0,0,1,0,0,0,1,0,0,0,1,0
0,1,0,0,1,0,0,0,0,1,0,0,1,0,0,0,0,1,1,0,0,0
0,1,0,0,1,0,0,0,0,1,0,0,1,0,0,0,0,1,0,1,0,0
0,1,0,0,1,0,0,0,0,1,0,0,1,0,0,0,0,1,0,0,1,0
0,1,0,0,1,0,0,0,0,1,0,0,0,1,0,1,0,0,1,0,0,0
0,1,0,0,1,0,0,0,0,1,0,0,0,1,0,1,0,0,0,1,0,0
0,1,0,0,1,0,0,0,0,1,0,0,0,1,0,1,0,0,0,0,1,0
0,1,0,0,1,0,0,0,0,1,0,0,0,1,0,0,1,0,1,0,0,0
0,1,0,0,1,0,0,0,0,1,0,0,0,1,0,0,1,0,0,1,0,0
0,1,0,0,1,0,0,0,0,1,0,0,0,1,0,0,1,0,0,0,1,0
0,1,0,0,1,0,0,0,0,1,0,0,0,1,0,0,0,1,1,0,0,0
0,1,0,0,1,0,0,0,0,1,0,0,0,1,0,0,0,1,0,1,0,0
0,1,0,0,1,0,0,0,0,1,0,0,0,1,0,0,0,1,0,0,1,0
0,1,0,0,1,0,0,0,0,1,0,0,0,0,1,1,0,0,1,0,0,0
0,1,0,0,1,0,0,0,0,1,0,0,0,0,1,1,0,0,0,1,0,0
0,1,0,0,1,0,0,0,0,1,0,0,0,0,1,1,0,0,0,0,1,0
0,1,0,0,1,0,0,0,0,1,0,0,0,0,1,0,1,0,1,0,0,0
0,1,0,0,1,0,0,0,0,1,0,0,0,0,1,0,1,0,0,1,0,0
0,1,0,0,1,0,0,0,0,1,0,0,0,0,1,0,1,0,0,0,1,0
0,1,0,0,1,0,0,0,0,1,0,0,0,0,1,0,0,1,1,0,0,0
0,1,0,0,1,0,0,0,0,1,0,0,0,0,1,0,0,1,0,1,0,0
0,1,0,0,1,0,0,0,0,1,0,0,0,0,1,0,0,1,0,0,1,0
0,1,0,0,1,0,0,0,0,0,1,0,1,0,0,1,0,0,1,0,0,0
0,1,0,0,1,0,0,0,0,0,1,0,1,0,0,1,0,0,0,1,0,0
0,1,0,0,1,0,0,0,0,0,1,0,1,0,0,1,0,0,0,0,1,0
0,1,0,0,1,0,0,0,0,0,1,0,1,0,0,0,1,0,1,0,0,0
0,1,0,0,1,0,0,0,0,0,1,0,1,0,0,0,1,0,0,1,0,0
0,1,0,0,1,0,0,0,0,0,1,0,1,0,0,0,1,0,0,0,1,0
0,1,0,0,1,0,0,0,0,0,1,0,1,0,0,0,0,1,1,0,0,0
0,1,0,0,1,0,0,0,0,0,1,0,1,0,0,0,0,1,0,1,0,0
0,1,0,0,1,0,0,0,0,0,1,0,1,0,0,0,0,1,0,0,1,0
0,1,0,0,1,0,0,0,0,0,1,0,0,1,0,1,0,0,1,0,0,0
0,1,0,0,1,0,0,0,0,0,1,0,0,1,0,1,0,0,0,1,0,0
0,1,0,0,1,0,0,0,0,0,1,0,0,1,0,1,0,0,0,0,1,0
0,1,0,0,1,0,0,0,0,0,1,0,0,1,0,0,1,0,1,0,0,0
0,1,0,0,1,0,0,0,0,0,1,0,0,1,0,0,1,0,0,1,0,0
0,1,0,0,1,0,0,0,0,0,1,0,0,1,0,0,1,0,0,0,1,0
0,1,0,0,1,0,0,0,0,0,1,0,0,1,0,0,0,1,1,0,0,0
0,1,0,0,1,0,0,0,0,0,1,0,0,1,0,0,0,1,0,1,0,0
0,1,0,0,1,0,0,0,0,0,1,0,0,1,0,0,0,1,0,0,1,0
0,1,0,0,1,0,0,0,0,0,1,0,0,0,1,1,0,0,1,0,0,0
0,1,0,0,1,0,0,0,0,0,1,0,0,0,1,1,0,0,0,1,0,0
0,1,0,0,1,0,0,0,0,0,1,0,0,0,1,1,0,0,0,0,1,0
0,1,0,0,1,0,0,0,0,0,1,0,0,0,1,0,1,0,1,0,0,0
0,1,0,0,1,0,0,0,0,0,1,0,0,0,1,0,1,0,0,1,0,0
0,1,0,0,1,0,0,0,0,0,1,0,0,0,1,0,1,0,0,0,1,0
0,1,0,0,1,0,0,0,0,0,1,0,0,0,1,0,0,1,1,0,0,0
0,1,0,0,1,0,0,0,0,0,1,0,0,0,1,0,0,1,0,1,0,0
0,1,0,0,1,0,0,0,0,0,1,0,0,0,1,0,0,1,0,0,1,0
0,1,0,0,1,0,0,0,0,0,0,1,1,0,0,1,0,0,1,0,0,0
0,1,0,0,1,0,0,0,0,0,0,1,1,0,0,1,0,0,0,1,0,0
0,1,0,0,1,0,0,0,0,0,0,1,1,0,0,1,0,0,0,0,1,0
0,1,0,0,1,0,0,0,0,0,0,1,1,0,0,0,1,0,1,0,0,0
0,1,0,0,1,0,0,0,0,0,0,1,1,0,0,0,1,0,0,1,0,0
0,1,0,0,1,0,0,0,0,0,0,1,1,0,0,0,1,0,0,0,1,0
0,1,0,0,1,0,0,0,0,0,0,1,1,0,0,0,0,1,1,0,0,0
0,1,0,0,1,0,0,0,0,0,0,1,1,0,0,0,0,1,0,1,0,0
0,1,0,0,1,0,0,0,0,0,0,1,1,0,0,0,0,1,0,0,1,0
0,1,0,0,1,0,0,0,0,0,0,1,0,1,0,1,0,0,1,0,0,0
0,1,0,0,1,0,0,0,0,0,0,1,0,1,0,1,0,0,0,1,0,0
0,1,0,0,1,0,0,0,0,0,0,1,0,1,0,1,0,0,0,0,1,0
0,1,0,0,1,0,0,0,0,0,0,1,0,1,0,0,1,0,1,0,0,0
0,1,0,0,1,0,0,0,0,0,0,1,0,1,0,0,1,0,0,1,0,0
0,1,0,0,1,0,0,0,0,0,0,1,0,1,0,0,1,0,0,0,1,0
0,1,0,0,1,0,0,0,0,0,0,1,0,1,0,0,0,1,1,0,0,0
0,1,0,0,1,0,0,0,0,0,0,1,0,1,0,0,0,1,0,1,0,0
0,1,0,0,1,0,0,0,0,0,0,1,0,1,0,0,0,1,0,0,1,0
0,1,0,0,1,0,0,0,0,0,0,1,0,0,1,1,0,0,1,0,0,0
0,1,0,0,1,0,0,0,0,0,0,1,0,0,1,1,0,0,0,1,0,0
0,1,0,0,1,0,0,0,0,0,0,1,0,0,1,1,0,0,0,0,1,0
0,1,0,0,1,0,0,0,0,0,0,1,0,0,1,0,1,0,1,0,0,0
0,1,0,0,1,0,0,0,0,0,0,1,0,0,1,0,1,0,0,1,0,0
0,1,0,0,1,0,0,0,0,0,0,1,0,0,1,0,1,0,0,0,1,0
0,1,0,0,1,0,0,0,0,0,0,1,0,0,1,0,0,1,1,0,0,0
0,1,0,0,1,0,0,0,0,0,0,1,0,0,1,0,0,1,0,1,0,0
0,1,0,0,1,0,0,0,0,0,0,1,0,0,1,0,0,1,0,0,1,0
0,1,0,0,0,1,0,0,1,0,0,0,1,0,0,1,0,0,1,0,0,0
0,1,0,0,0,1,0,0,1,0,0,0,1,0,0,1,0,0,0,1,0,0
0,1,0,0,0,1,0,0,1,0,0,0,1,0,0,1,0,0,0,0,1,0
0,1,0,0,0,1,0,0,1,0,0,0,1,0,0,0,1,0,1,0,0,0
0,1,0,0,0,1,0,0,1,0,0,0,1,0,0,0,1,0,0,1,0,0
0,1,0,0,0,1,0,0,1,0,0,0,1,0,0,0,1,0,0,0,1,0
0,1,0,0,0,1,0,0,1,0,0,0,1,0,0,0,0,1,1,0,0,0
0,1,0,0,0,1,0,0,1,0,0,0,1,0,0,0,0,1,0,1,0,0
0,1,0,0,0,1,0,0,1,0,0,0,1,0,0,0,0,1,0,0,1,0
0,1,0,0,0,1,0,0,1,0,0,0,0,1,0,1,0,0,1,0,0,0
0,1,0,0,0,1,0,0,1,0,0,0,0,1,0,1,0,0,0,1,0,0
0,1,0,0,0,1,0,0,1,0,0,0,0,1,0,1,0,0,0,0,1,1
0,1,0,0,0,1,0,0,1,0,0,0,0,1,0,0,1,0,1,0,0,0
0,1,0,0,0,1,0,0,1,0,0,0,0,1,0,0,1,0,0,1,0,0
0,1,0,0,0,1,0,0,1,0,0,0,0,1,0,0,1,0,0,0,1,1
0,1,0,0,0,1,0,0,1,0,0,0,0,1,0,0,0,1,1,0,0,0
0,1,0,0,0,1,0,0,1,0,0,0,0,1,0,0,0,1,0,1,0,1
0,1,0,0,0,1,0,0,1,0,0,0,0,1,0,0,0,1,0,0,1,1
0,1,0,0,0,1,0,0,1,0,0,0,0,0,1,1,0,0,1,0,0,0
0,1,0,0,0,1,0,0,1,0,0,0,0,0,1,1,0,0,0,1,0,0
0,1,0,0,0,1,0,0,1,0,0,0,0,0,1,1,0,0,0,0,1,0
0,1,0,0,0,1,0,0,1,0,0,0,0,0,1,0,1,0,1,0,0,0
0,1,0,0,0,1,0,0,1,0,0,0,0,0,1,0,1,0,0,1,0,0
0,1,0,0,0,1,0,0,1,0,0,0,0,0,1,0,1,0,0,0,1,1
0,1,0,0,0,1,0,0,1,0,0,0,0,0,1,0,0,1,1,0,0,0
0,1,0,0,0,1,0,0,1,0,0,0,0,0,1,0,0,1,0,1,0,1
0,1,0,0,0,1,0,0,1,0,0,0,0,0,1,0,0,1,0,0,1,1
0,1,0,0,0,1,0,0,0,1,0,0,1,0,0,1,0,0,1,0,0,0
0,1,0,0,0,1,0,0,0,1,0,0,1,0,0,1,0,0,0,1,0,0
0,1,0,0,0,1,0,0,0,1,0,0,1,0,0,1,0,0,0,0,1,0
0,1,0,0,0,1,0,0,0,1,0,0,1,0,0,0,1,0,1,0,0,0
0,1,0,0,0,1,0,0,0,1,0,0,1,0,0,0,1,0,0,1,0,0
0,1,0,0,0,1,0,0,0,1,0,0,1,0,0,0,1,0,0,0,1,0
0,1,0,0,0,1,0,0,0,1,0,0,1,0,0,0,0,1,1,0,0,0
0,1,0,0,0,1,0,0,0,1,0,0,1,0,0,0,0,1,0,1,0,0
0,1,0,0,0,1,0,0,0,1,0,0,1,0,0,0,0,1,0,0,1,0
0,1,0,0,0,1,0,0,0,1,0,0,0,1,0,1,0,0,1,0,0,0
0,1,0,0,0,1,0,0,0,1,0,0,0,1,0,1,0,0,0,1,0,0
0,1,0,0,0,1,0,0,0,1,0,0,0,1,0,1,0,0,0,0,1,1
0,1,0,0,0,1,0,0,0,1,0,0,0,1,0,0,1,0,1,0,0,0
0,1,0,0,0,1,0,0,0,1,0,0,0,1,0,0,1,0,0,1,0,0
0,1,0,0,0,1,0,0,0,1,0,0,0,1,0,0,1,0,0,0,1,1
0,1,0,0,0,1,0,0,0,1,0,0,0,1,0,0,0,1,1,0,0,0
0,1,0,0,0,1,0,0,0,1,0,0,0,1,0,0,0,1,0,1,0,1
0,1,0,0,0,1,0,0,0,1,0,0,0,1,0,0,0,1,0,0,1,1
0,1,0,0,0,1,0,0,0,1,0,0,0,0,1,1,0,0,1,0,0,0
0,1,0,0,0,1,0,0,0,1,0,0,0,0,1,1,0,0,0,1,0,0
0,1,0,0,0,1,0,0,0,1,0,0,0,0,1,1,0,0,0,0,1,1
0,1,0,0,0,1,0,0,0,1,0,0,0,0,1,0,1,0,1,0,0,0
0,1,0,0,0,1,0,0,0,1,0,0,0,0,1,0,1,0,0,1,0,1
0,1,0,0,0,1,0,0,0,1,0,0,0,0,1,0,1,0,0,0,1,1
0,1,0,0,0,1,0,0,0,1,0,0,0,0,1,0,0,1,1,0,0,0
0,1,0,0,0,1,0,0,0,1,0,0,0,0,1,0,0,1,0,1,0,1
0,1,0,0,0,1,0,0,0,1,0,0,0,0,1,0,0,1,0,0,1,1
0,1,0,0,0,1,0,0,0,0,1,0,1,0,0,1,0,0,1,0,0,0
0,1,0,0,0,1,0,0,0,0,1,0,1,0,0,1,0,0,0,1,0,0
0,1,0,0,0,1,0,0,0,0,1,0,1,0,0,1,0,0,0,0,1,0
0,1,0,0,0,1,0,0,0,0,1,0,1,0,0,0,1,0,1,0,0,0
0,1,0,0,0,1,0,0,0,0,1,0,1,0,0,0,1,0,0,1,0,0
0,1,0,0,0,1,0,0,0,0,1,0,1,0,0,0,1,0,0,0,1,0
0,1,0,0,0,1,0,0,0,0,1,0,1,0,0,0,0,1,1,0,0,0
0,1,0,0,0,1,0,0,0,0,1,0,1,0,0,0,0,1,0,1,0,0
0,1,0,0,0,1,0,0,0,0,1,0,1,0,0,0,0,1,0,0,1,0
0,1,0,0,0,1,0,0,0,0,1,0,0,1,0,1,0,0,1,0,0,0
0,1,0,0,0,1,0,0,0,0,1,0,0,1,0,1,0,0,0,1,0,0
0,1,0,0,0,1,0,0,0,0,1,0,0,1,0,1,0,0,0,0,1,1
0,1,0,0,0,1,0,0,0,0,1,0,0,1,0,0,1,0,1,0,0,0
0,1,0,0,0,1,0,0,0,0,1,0,0,1,0,0,1,0,0,1,0,1
0,1,0,0,0,1,0,0,0,0,1,0,0,1,0,0,1,0,0,0,1,1
0,1,0,0,0,1,0,0,0,0,1,0,0,1,0,0,0,1,1,0,0,0
0,1,0,0,0,1,0,0,0,0,1,0,0,1,0,0,0,1,0,1,0,1
0,1,0,0,0,1,0,0,0,0,1,0,0,1,0,0,0,1,0,0,1,1
0,1,0,0,0,1,0,0,0,0,1,0,0,0,1,1,0,0,1,0,0,0
0,1,0,0,0,1,0,0,0,0,1,0,0,0,1,1,0,0,0,1,0,0
0,1,0,0,0,1,0,0,0,0,1,0,0,0,1,1,0,0,0,0,1,1
0,1,0,0,0,1,0,0,0,0,1,0,0,0,1,0,1,0,1,0,0,0
0,1,0,0,0,1,0,0,0,0,1,0,0,0,1,0,1,0,0,1,0,1
0,1,0,0,0,1,0,0,0,0,1,0,0,0,1,0,1,0,0,0,1,1
0,1,0,0,0,1,0,0,0,0,1,0,0,0,1,0,0,1,1,0,0,0
0,1,0,0,0,1,0,0,0,0,1,0,0,0,1,0,0,1,0,1,0,1
0,1,0,0,0,1,0,0,0,0,1,0,0,0,1,0,0,1,0,0,1,1
0,1,0,0,0,1,0,0,0,0,0,1,1,0,0,1,0,0,1,0,0,0
0,1,0,0,0,1,0,0,0,0,0,1,1,0,0,1,0,0,0,1,0,0
0,1,0,0,0,1,0,0,0,0,0,1,1,0,0,1,0,0,0,0,1,0
0,1,0,0,0,1,0,0,0,0,0,1,1,0,0,0,1,0,1,0,0,0
0,1,0,0,0,1,0,0,0,0,0,1,1,0,0,0,1,0,0,1,0,0
0,1,0,0,0,1,0,0,0,0,0,1,1,0,0,0,1,0,0,0,1,0
0,1,0,0,0,1,0,0,0,0,0,1,1,0,0,0,0,1,1,0,0,0
0,1,0,0,0,1,0,0,0,0,0,1,1,0,0,0,0,1,0,1,0,0
0,1,0,0,0,1,0,0,0,0,0,1,1,0,0,0,0,1,0,0,1,0
0,1,0,0,0,1,0,0,0,0,0,1,0,1,0,1,0,0,1,0,0,0
0,1,0,0,0,1,0,0,0,0,0,1,0,1,0,1,0,0,0,1,0,0
0,1,0,0,0,1,0,0,0,0,0,1,0,1,0,1,0,0,0,0,1,1
0,1,0,0,0,1,0,0,0,0,0,1,0,1,0,0,1,0,1,0,0,0
0,1,0,0,0,1,0,0,0,0,0,1,0,1,0,0,1,0,0,1,0,1
0,1,0,0,0,1,0,0,0,0,0,1,0,1,0,0,1,0,0,0,1,1
0,1,0,0,0,1,0,0,0,0,0,1,0,1,0,0,0,1,1,0,0,0
0,1,0,0,0,1,0,0,0,0,0,1,0,1,0,0,0,1,0,1,0,1
0,1,0,0,0,1,0,0,0,0,0,1,0,1,0,0,0,1,0,0,1,1
0,1,0,0,0,1,0,0,0,0,0,1,0,0,1,1,0,0,1,0,0,0
0,1,0,0,0,1,0,0,0,0,0,1,0,0,1,1,0,0,0,1,0,0
0,1,0,0,0,1,0,0,0,0,0,1,0,0,1,1,0,0,0,0,1,1
0,1,0,0,0,1,0,0,0,0,0,1,0,0,1,0,1,0,1,0,0,0
0,1,0,0,0,1,0,0,0,0,0,1,0,0,1,0,1,0,0,1,0,1
0,1,0,0,0,1,0,0,0,0,0,1,0,0,1,0,1,0,0,0,1,1
0,1,0,0,0,1,0,0,0,0,0,1,0,0,1,0,0,1,1,0,0,0
0,1,0,0,0,1,0,0,0,0,0,1,0,0,1,0,0,1,0,1,0,1
0,1,0,0,0,1,0,0,0,0,0,1,0,0,1,0,0,1,0,0,1,1
0,1,0,0,0,0,1,0,1,0,0,0,1,0,0,1,0,0,1,0,0,0
0,1,0,0,0,0,1,0,1,0,0,0,1,0,0,1,0,0,0,1,0,0
0,1,0,0,0,0,1,0,1,0,0,0,1,0,0,1,0,0,0,0,1,0
0,1,0,0,0,0,1,0,1,0,0,0,1,0,0,0,1,0,1,0,0,0
0,1,0,0,0,0,1,0,1,0,0,0,1,0,0,0,1,0,0,1,0,0
0,1,0,0,0,0,1,0,1,0,0,0,1,0,0,0,1,0,0,0,1,0
0,1,0,0,0,0,1,0,1,0,0,0,1,0,0,0,0,1,1,0,0,0
0,1,0,0,0,0,1,0,1,0,0,0,1,0,0,0,0,1,0,1,0,0
0,1,0,0,0,0,1,0,1,0,0,0,1,0,0,0,0,1,0,0,1,0
0,1,0,0,0,0,1,0,1,0,0,0,0,1,0,1,0,0,1,0,0,0
0,1,0,0,0,0,1,0,1,0,0,0,0,1,0,1,0,0,0,1,0,0
0,1,0,0,0,0,1,0,1,0,0,0,0,1,0,1,0,0,0,0,1,1
0,1,0,0,0,0,1,0,1,0,0,0,0,1,0,0,1,0,1,0,0,0
0,1,0,0,0,0,1,0,1,0,0,0,0,1,0,0,1,0,0,1,0,0
0,1,0,0,0,0,1,0,1,0,0,0,0,1,0,0,1,0,0,0,1,1
0,1,0,0,0,0,1,0,1,0,0,0,0,1,0,0,0,1,1,0,0,0
0,1,0,0,0,0,1,0,1,0,0,0,0,1,0,0,0,1,0,1,0,1
0,1,0,0,0,0,1,0,1,0,0,0,0,1,0,0,0,1,0,0,1,1
0,1,0,0,0,0,1,0,1,0,0,0,0,0,1,1,0,0,1,0,0,0
0,1,0,0,0,0,1,0,1,0,0,0,0,0,1,1,0,0,0,1,0,0
0,1,0,0,0,0,1,0,1,0,0,0,0,0,1,1,0,0,0,0,1,0
0,1,0,0,0,0,1,0,1,0,0,0,0,0,1,0,1,0,1,0,0,0
0,1,0,0,0,0,1,0,1,0,0,0,0,0,1,0,1,0,0,1,0,0
0,1,0,0,0,0,1,0,1,0,0,0,0,0,1,0,1,0,0,0,1,1
0,1,0,0,0,0,1,0,1,0,0,0,0,0,1,0,0,1,1,0,0,0
0,1,0,0,0,0,1,0,1,0,0,0,0,0,1,0,0,1,0,1,0,1
0,1,0,0,0,0,1,0,1,0,0,0,0,0,1,0,0,1,0,0,1,1
0,1,0,0,0,0,1,0,0,1,0,0,1,0,0,1,0,0,1,0,0,0
0,1,0,0,0,0,1,0,0,1,0,0,1,0,0,1,0,0,0,1,0,0
0,1,0,0,0,0,1,0,0,1,0,0,1,0,0,1,0,0,0,0,1,0
0,1,0,0,0,0,1,0,0,1,0,0,1,0,0,0,1,0,1,0,0,0
0,1,0,0,0,0,1,0,0,1,0,0,1,0,0,0,1,0,0,1,0,0
0,1,0,0,0,0,1,0,0,1,0,0,1,0,0,0,1,0,0,0,1,0
0,1,0,0,0,0,1,0,0,1,0,0,1,0,0,0,0,1,1,0,0,0
0,1,0,0,0,0,1,0,0,1,0,0,1,0,0,0,0,1,0,1,0,0
0,1,0,0,0,0,1,0,0,1,0,0,1,0,0,0,0,1,0,0,1,0
0,1,0,0,0,0,1,0,0,1,0,0,0,1,0,1,0,0,1,0,0,0
0,1,0,0,0,0,1,0,0,1,0,0,0,1,0,1,0,0,0,1,0,0
0,1,0,0,0,0,1,0,0,1,0,0,0,1,0,1,0,0,0,0,1,1
0,1,0,0,0,0,1,0,0,1,0,0,0,1,0,0,1,0,1,0,0,0
0,1,0,0,0,0,1,0,0,1,0,0,0,1,0,0,1,0,0,1,0,0
0,1,0,0,0,0,1,0,0,1,0,0,0,1,0,0,1,0,0,0,1,1
0,1,0,0,0,0,1,0,0,1,0,0,0,1,0,0,0,1,1,0,0,0
0,1,0,0,0,0,1,0,0,1,0,0,0,1,0,0,0,1,0,1,0,1
0,1,0,0,0,0,1,0,0,1,0,0,0,1,0,0,0,1,0,0,1,1
0,1,0,0,0,0,1,0,0,1,0,0,0,0,1,1,0,0,1,0,0,0
0,1,0,0,0,0,1,0,0,1,0,0,0,0,1,1,0,0,0,1,0,0
0,1,0,0,0,0,1,0,0,1,0,0,0,0,1,1,0,0,0,0,1,1
0,1,0,0,0,0,1,0,0,1,0,0,0,0,1,0,1,0,1,0,0,0
0,1,0,0,0,0,1,0,0,1,0,0,0,0,1,0,1,0,0,1,0,1
0,1,0,0,0,0,1,0,0,1,0,0,0,0,1,0,1,0,0,0,1,1
0,1,0,0,0,0,1,0,0,1,0,0,0,0,1,0,0,1,1,0,0,0
0,1,0,0,0,0,1,0,0,1,0,0,0,0,1,0,0,1,0,1,0,1
0,1,0,0,0,0,1,0,0,1,0,0,0,0,1,0,0,1,0,0,1,1
0,1,0,0,0,0,1,0,0,0,1,0,1,0,0,1,0,0,1,0,0,0
0,1,0,0,0,0,1,0,0,0,1,0,1,0,0,1,0,0,0,1,0,0
0,1,0,0,0,0,1,0,0,0,1,0,1,0,0,1,0,0,0,0,1,0
0,1,0,0,0,0,1,0,0,0,1,0,1,0,0,0,1,0,1,0,0,0
0,1,0,0,0,0,1,0,0,0,1,0,1,0,0,0,1,0,0,1,0,0
0,1,0,0,0,0,1,0,0,0,1,0,1,0,0,0,1,0,0,0,1,0
0,1,0,0,0,0,1,0,0,0,1,0,1,0,0,0,0,1,1,0,0,0
0,1,0,0,0,0,1,0,0,0,1,0,1,0,0,0,0,1,0,1,0,0
0,1,0,0,0,0,1,0,0,0,1,0,1,0,0,0,0,1,0,0,1,0
0,1,0,0,0,0,1,0,0,0,1,0,0,1,0,1,0,0,1,0,0,0
0,1,0,0,0,0,1,0,0,0,1,0,0,1,0,1,0,0,0,1,0,0
0,1,0,0,0,0,1,0,0,0,1,0,0,1,0,1,0,0,0,0,1,1
0,1,0,0,0,0,1,0,0,0,1,0,0,1,0,0,1,0,1,0,0,0
0,1,0,0,0,0,1,0,0,0,1,0,0,1,0,0,1,0,0,1,0,1
0,1,0,0,0,0,1,0,0,0,1,0,0,1,0,0,1,0,0,0,1,1
0,1,0,0,0,0,1,0,0,0,1,0,0,1,0,0,0,1,1,0,0,0
0,1,0,0,0,0,1,0,0,0,1,0,0,1,0,0,0,1,0,1,0,1
0,1,0,0,0,0,1,0,0,0,1,0,0,1,0,0,0,1,0,0,1,1
0,1,0,0,0,0,1,0,0,0,1,0,0,0,1,1,0,0,1,0,0,0
0,1,0,0,0,0,1,0,0,0,1,0,0,0,1,1,0,0,0,1,0,0
0,1,0,0,0,0,1,0,0,0,1,0,0,0,1,1,0,0,0,0,1,1
0,1,0,0,0,0,1,0,0,0,1,0,0,0,1,0,1,0,1,0,0,0
0,1,0,0,0,0,1,0,0,0,1,0,0,0,1,0,1,0,0,1,0,1
0,1,0,0,0,0,1,0,0,0,1,0,0,0,1,0,1,0,0,0,1,1
0,1,0,0,0,0,1,0,0,0,1,0,0,0,1,0,0,1,1,0,0,0
0,1,0,0,0,0,1,0,0,0,1,0,0,0,1,0,0,1,0,1,0,1
0,1,0,0,0,0,1,0,0,0,1,0,0,0,1,0,0,1,0,0,1,1
0,1,0,0,0,0,1,0,0,0,0,1,1,0,0,1,0,0,1,0,0,0
0,1,0,0,0,0,1,0,0,0,0,1,1,0,0,1,0,0,0,1,0,0
0,1,0,0,0,0,1,0,0,0,0,1,1,0,0,1,0,0,0,0,1,0
0,1,0,0,0,0,1,0,0,0,0,1,1,0,0,0,1,0,1,0,0,0
0,1,0,0,0,0,1,0,0,0,0,1,1,0,0,0,1,0,0,1,0,0
0,1,0,0,0,0,1,0,0,0,0,1,1,0,0,0,1,0,0,0,1,0
0,1,0,0,0,0,1,0,0,0,0,1,1,0,0,0,0,1,1,0,0,0
0,1,0,0,0,0,1,0,0,0,0,1,1,0,0,0,0,1,0,1,0,0
0,1,0,0,0,0,1,0,0,0,0,1,1,0,0,0,0,1,0,0,1,0
0,1,0,0,0,0,1,0,0,0,0,1,0,1,0,1,0,0,1,0,0,0
0,1,0,0,0,0,1,0,0,0,0,1,0,1,0,1,0,0,0,1,0,0
0,1,0,0,0,0,1,0,0,0,0,1,0,1,0,1,0,0,0,0,1,1
0,1,0,0,0,0,1,0,0,0,0,1,0,1,0,0,1,0,1,0,0,0
0,1,0,0,0,0,1,0,0,0,0,1,0,1,0,0,1,0,0,1,0,1
0,1,0,0,0,0,1,0,0,0,0,1,0,1,0,0,1,0,0,0,1,1
0,1,0,0,0,0,1,0,0,0,0,1,0,1,0,0,0,1,1,0,0,0
0,1,0,0,0,0,1,0,0,0,0,1,0,1,0,0,0,1,0,1,0,1
0,1,0,0,0,0,1,0,0,0,0,1,0,1,0,0,0,1,0,0,1,1
0,1,0,0,0,0,1,0,0,0,0,1,0,0,1,1,0,0,1,0,0,0
0,1,0,0,0,0,1,0,0,0,0,1,0,0,1,1,0,0,0,1,0,0
0,1,0,0,0,0,1,0,0,0,0,1,0,0,1,1,0,0,0,0,1,1
0,1,0,0,0,0,1,0,0,0,0,1,0,0,1,0,1,0,1,0,0,0
0,1,0,0,0,0,1,0,0,0,0,1,0,0,1,0,1,0,0,1,0,1
0,1,0,0,0,0,1,0,0,0,0,1,0,0,1,0,1,0,0,0,1,1
0,1,0,0,0,0,1,0,0,0,0,1,0,0,1,0,0,1,1,0,0,0
0,1,0,0,0,0,1,0,0,0,0,1,0,0,1,0,0,1,0,1,0,1
0,1,0,0,0,0,1,0,0,0,0,1,0,0,1,0,0,1,0,0,1,1
0,1,0,0,0,0,0,1,1,0,0,0,1,0,0,1,0,0,1,0,0,0
0,1,0,0,0,0,0,1,1,0,0,0,1,0,0,1,0,0,0,1,0,0
0,1,0,0,0,0,0,1,1,0,0,0,1,0,0,1,0,0,0,0,1,0
0,1,0,0,0,0,0,1,1,0,0,0,1,0,0,0,1,0,1,0,0,0
0,1,0,0,0,0,0,1,1,0,0,0,1,0,0,0,1,0,0,1,0,0
0,1,0,0,0,0,0,1,1,0,0,0,1,0,0,0,1,0,0,0,1,0
0,1,0,0,0,0,0,1,1,0,0,0,1,0,0,0,0,1,1,0,0,0
0,1,0,0,0,0,0,1,1,0,0,0,1,0,0,0,0,1,0,1,0,0
0,1,0,0,0,0,0,1,1,0,0,0,1,0,0,0,0,1,0,0,1,0
0,1,0,0,0,0,0,1,1,0,0,0,0,1,0,1,0,0,1,0,0,0
0,1,0,0,0,0,0,1,1,0,0,0,0,1,0,1,0,0,0,1,0,0
0,1,0,0,0,0,0,1,1,0,0,0,0,1,0,1,0,0,0,0,1,1
0,1,0,0,0,0,0,1,1,0,0,0,0,1,0,0,1,0,1,0,0,0
0,1,0,0,0,0,0,1,1,0,0,0,0,1,0,0,1,0,0,1,0,0
0,1,0,0,0,0,0,1,1,0,0,0,0,1,0,0,1,0,0,0,1,1
0,1,0,0,0,0,0,1,1,0,0,0,0,1,0,0,0,1,1,0,0,0
0,1,0,0,0,0,0,1,1,0,0,0,0,1,0,0,0,1,0,1,0,1
0,1,0,0,0,0,0,1,1,0,0,0,0,1,0,0,0,1,0,0,1,1
0,1,0,0,0,0,0,1,1,0,0,0,0,0,1,1,0,0,1,0,0,0
0,1,0,0,0,0,0,1,1,0,0,0,0,0,1,1,0,0,0,1,0,0
0,1,0,0,0,0,0,1,1,0,0,0,0,0,1,1,0,0,0,0,1,0
0,1,0,0,0,0,0,1,1,0,0,0,0,0,1,0,1,0,1,0,0,0
0,1,0,0,0,0,0,1,1,0,0,0,0,0,1,0,1,0,0,1,0,0
0,1,0,0,0,0,0,1,1,0,0,0,0,0,1,0,1,0,0,0,1,1
0,1,0,0,0,0,0,1,1,0,0,0,0,0,1,0,0,1,1,0,0,0
0,1,0,0,0,0,0,1,1,0,0,0,0,0,1,0,0,1,0,1,0,1
0,1,0,0,0,0,0,1,1,0,0,0,0,0,1,0,0,1,0,0,1,1
0,1,0,0,0,0,0,1,0,1,0,0,1,0,0,1,0,0,1,0,0,0
0,1,0,0,0,0,0,1,0,1,0,0,1,0,0,1,0,0,0,1,0,0
0,1,0,0,0,0,0,1,0,1,0,0,1,0,0,1,0,0,0,0,1,0
0,1,0,0,0,0,0,1,0,1,0,0,1,0,0,0,1,0,1,0,0,0
0,1,0,0,0,0,0,1,0,1,0,0,1,0,0,0,1,0,0,1,0,0
0,1,0,0,0,0,0,1,0,1,0,0,1,0,0,0,1,0,0,0,1,0
0,1,0,0,0,0,0,1,0,1,0,0,1,0,0,0,0,1,1,0,0,0
0,1,0,0,0,0,0,1,0,1,0,0,1,0,0,0,0,1,0,1,0,0
0,1,0,0,0,0,0,1,0,1,0,0,1,0,0,0,0,1,0,0,1,0
0,1,0,0,0,0,0,1,0,1,0,0,0,1,0,1,0,0,1,0,0,0
0,1,0,0,0,0,0,1,0,1,0,0,0,1,0,1,0,0,0,1,0,0
0,1,0,0,0,0,0,1,0,1,0,0,0,1,0,1,0,0,0,0,1,1
0,1,0,0,0,0,0,1,0,1,0,0,0,1,0,0,1,0,1,0,0,0
0,1,0,0,0,0,0,1,0,1,0,0,0,1,0,0,1,0,0,1,0,0
0,1,0,0,0,0,0,1,0,1,0,0,0,1,0,0,1,0,0,0,1,1
0,1,0,0,0,0,0,1,0,1,0,0,0,1,0,0,0,1,1,0,0,0
0,1,0,0,0,0,0,1,0,1,0,0,0,1,0,0,0,1,0,1,0,1
0,1,0,0,0,0,0,1,0,1,0,0,0,1,0,0,0,1,0,0,1,1
0,1,0,0,0,0,0,1,0,1,0,0,0,0,1,1,0,0,1,0,0,0
0,1,0,0,0,0,0,1,0,1,0,0,0,0,1,1,0,0,0,1,0,0
0,1,0,0,0,0,0,1,0,1,0,0,0,0,1,1,0,0,0,0,1,1
0,1,0,0,0,0,0,1,0,1,0,0,0,0,1,0,1,0,1,0,0,0
0,1,0,0,0,0,0,1,0,1,0,0,0,0,1,0,1,0,0,1,0,1
0,1,0,0,0,0,0,1,0,1,0,0,0,0,1,0,1,0,0,0,1,1
0,1,0,0,0,0,0,1,0,1,0,0,0,0,1,0,0,1,1,0,0,0
0,1,0,0,0,0,0,1,0,1,0,0,0,0,1,0,0,1,0,1,0,1
0,1,0,0,0,0,0,1,0,1,0,0,0,0,1,0,0,1,0,0,1,1
0,1,0,0,0,0,0,1,0,0,1,0,1,0,0,1,0,0,1,0,0,0
0,1,0,0,0,0,0,1,0,0,1,0,1,0,0,1,0,0,0,1,0,0
0,1,0,0,0,0,0,1,0,0,1,0,1,0,0,1,0,0,0,0,1,0
0,1,0,0,0,0,0,1,0,0,1,0,1,0,0,0,1,0,1,0,0,0
0,1,0,0,0,0,0,1,0,0,1,0,1,0,0,0,1,0,0,1,0,0
0,1,0,0,0,0,0,1,0,0,1,0,1,0,0,0,1,0,0,0,1,0
0,1,0,0,0,0,0,1,0,0,1,0,1,0,0,0,0,1,1,0,0,0
0,1,0,0,0,0,0,1,0,0,1,0,1,0,0,0,0,1,0,1,0,0
0,1,0,0,0,0,0,1,0,0,1,0,1,0,0,0,0,1,0,0,1,0
0,1,0,0,0,0,0,1,0,0,1,0,0,1,0,1,0,0,1,0,0,0
0,1,0,0,0,0,0,1,0,0,1,0,0,1,0,1,0,0,0,1,0,0
0,1,0,0,0,0,0,1,0,0,1,0,0,1,0,1,0,0,0,0,1,1
0,1,0,0,0,0,0,1,0,0,1,0,0,1,0,0,1,0,1,0,0,0
0,1,0,0,0,0,0,1,0,0,1,0,0,1,0,0,1,0,0,1,0,1
0,1,0,0,0,0,0,1,0,0,1,0,0,1,0,0,1,0,0,0,1,1
0,1,0,0,0,0,0,1,0,0,1,0,0,1,0,0,0,1,1,0,0,0
0,1,0,0,0,0,0,1,0,0,1,0,0,1,0,0,0,1,0,1,0,1
0,1,0,0,0,0,0,1,0,0,1,0,0,1,0,0,0,1,0,0,1,1
0,1,0,0,0,0,0,1,0,0,1,0,0,0,1,1,0,0,1,0,0,0
0,1,0,0,0,0,0,1,0,0,1,0,0,0,1,1,0,0,0,1,0,0
0,1,0,0,0,0,0,1,0,0,1,0,0,0,1,1,0,0,0,0,1,1
0,1,0,0,0,0,0,1,0,0,1,0,0,0,1,0,1,0,1,0,0,0
0,1,0,0,0,0,0,1,0,0,1,0,0,0,1,0,1,0,0,1,0,1
0,1,0,0,0,0,0,1,0,0,1,0,0,0,1,0,1,0,0,0,1,1
0,1,0,0,0,0,0,1,0,0,1,0,0,0,1,0,0,1,1,0,0,0
0,1,0,0,0,0,0,1,0,0,1,0,0,0,1,0,0,1,0,1,0,1
0,1,0,0,0,0,0,1,0,0,1,0,0,0,1,0,0,1,0,0,1,1
0,1,0,0,0,0,0,1,0,0,0,1,1,0,0,1,0,0,1,0,0,0
0,1,0,0,0,0,0,1,0,0,0,1,1,0,0,1,0,0,0,1,0,0
0,1,0,0,0,0,0,1,0,0,0,1,1,0,0,1,0,0,0,0,1,0
0,1,0,0,0,0,0,1,0,0,0,1,1,0,0,0,1,0,1,0,0,0
0,1,0,0,0,0,0,1,0,0,0,1,1,0,0,0,1,0,0,1,0,0
0,1,0,0,0,0,0,1,0,0,0,1,1,0,0,0,1,0,0,0,1,0
0,1,0,0,0,0,0,1,0,0,0,1,1,0,0,0,0,1,1,0,0,0
0,1,0,0,0,0,0,1,0,0,0,1,1,0,0,0,0,1,0,1,0,0
0,1,0,0,0,0,0,1,0,0,0,1,1,0,0,0,0,1,0,0,1,0
0,1,0,0,0,0,0,1,0,0,0,1,0,1,0,1,0,0,1,0,0,0
0,1,0,0,0,0,0,1,0,0,0,1,0,1,0,1,0,0,0,1,0,0
0,1,0,0,0,0,0,1,0,0,0,1,0,1,0,1,0,0,0,0,1,1
0,1,0,0,0,0,0,1,0,0,0,1,0,1,0,0,1,0,1,0,0,0
0,1,0,0,0,0,0,1,0,0,0,1,0,1,0,0,1,0,0,1,0,1
0,1,0,0,0,0,0,1,0,0,0,1,0,1,0,0,1,0,0,0,1,1
0,1,0,0,0,0,0,1,0,0,0,1,0,1,0,0,0,1,1,0,0,0
0,1,0,0,0,0,0,1,0,0,0,1,0,1,0,0,0,1,0,1,0,1
0,1,0,0,0,0,0,1,0,0,0,1,0,1,0,0,0,1,0,0,1,1
0,1,0,0,0,0,0,1,0,0,0,1,0,0,1,1,0,0,1,0,0,0
0,1,0,0,0,0,0,1,0,0,0,1,0,0,1,1,0,0,0,1,0,0
0,1,0,0,0,0,0,1,0,0,0,1,0,0,1,1,0,0,0,0,1,1
0,1,0,0,0,0,0,1,0,0,0,1,0,0,1,0,1,0,1,0,0,0
0,1,0,0,0,0,0,1,0,0,0,1,0,0,1,0,1,0,0,1,0,1
0,1,0,0,0,0,0,1,0,0,0,1,0,0,1,0,1,0,0,0,1,1
0,1,0,0,0,0,0,1,0,0,0,1,0,0,1,0,0,1,1,0,0,0
0,1,0,0,0,0,0,1,0,0,0,1,0,0,1,0,0,1,0,1,0,1
0,1,0,0,0,0,0,1,0,0,0,1,0,0,1,0,0,1,0,0,1,1
0,0,1,0,1,0,0,0,1,0,0,0,1,0,0,1,0,0,1,0,0,0
0,0,1,0,1,0,0,0,1,0,0,0,1,0,0,1,0,0,0,1,0,0
0,0,1,0,1,0,0,0,1,0,0,0,1,0,0,1,0,0,0,0,1,0
0,0,1,0,1,0,0,0,1,0,0,0,1,0,0,0,1,0,1,0,0,0
0,0,1,0,1,0,0,0,1,0,0,0,1,0,0,0,1,0,0,1,0,0
0,0,1,0,1,0,0,0,1,0,0,0,1,0,0,0,1,0,0,0,1,0
0,0,1,0,1,0,0,0,1,0,0,0,1,0,0,0,0,1,1,0,0,0
0,0,1,0,1,0,0,0,1,0,0,0,1,0,0,0,0,1,0,1,0,0
0,0,1,0,1,0,0,0,1,0,0,0,1,0,0,0,0,1,0,0,1,0
0,0,1,0,1,0,0,0,1,0,0,0,0,1,0,1,0,0,1,0,0,0
0,0,1,0,1,0,0,0,1,0,0,0,0,1,0,1,0,0,0,1,0,0
0,0,1,0,1,0,0,0,1,0,0,0,0,1,0,1,0,0,0,0,1,1
0,0,1,0,1,0,0,0,1,0,0,0,0,1,0,0,1,0,1,0,0,0
0,0,1,0,1,0,0,0,1,0,0,0,0,1,0,0,1,0,0,1,0,0
0,0,1,0,1,0,0,0,1,0,0,0,0,1,0,0,1,0,0,0,1,1
0,0,1,0,1,0,0,0,1,0,0,0,0,1,0,0,0,1,1,0,0,0
0,0,1,0,1,0,0,0,1,0,0,0,0,1,0,0,0,1,0,1,0,1
0,0,1,0,1,0,0,0,1,0,0,0,0,1,0,0,0,1,0,0,1,1
0,0,1,0,1,0,0,0,1,0,0,0,0,0,1,1,0,0,1,0,0,0
0,0,1,0,1,0,0,0,1,0,0,0,0,0,1,1,0,0,0,1,0,0
0,0,1,0,1,0,0,0,1,0,0,0,0,0,1,1,0,0,0,0,1,0
0,0,1,0,1,0,0,0,1,0,0,0,0,0,1,0,1,0,1,0,0,0
0,0,1,0,1,0,0,0,1,0,0,0,0,0,1,0,1,0,0,1,0,0
0,0,1,0,1,0,0,0,1,0,0,0,0,0,1,0,1,0,0,0,1,1
0,0,1,0,1,0,0,0,1,0,0,0,0,0,1,0,0,1,1,0,0,0
0,0,1,0,1,0,0,0,1,0,0,0,0,0,1,0,0,1,0,1,0,1
0,0,1,0,1,0,0,0,1,0,0,0,0,0,1,0,0,1,0,0,1,1
0,0,1,0,1,0,0,0,0,1,0,0,1,0,0,1,0,0,1,0,0,0
0,0,1,0,1,0,0,0,0,1,0,0,1,0,0,1,0,0,0,1,0,0
0,0,1,0,1,0,0,0,0,1,0,0,1,0,0,1,0,0,0,0,1,0
0,0,1,0,1,0,0,0,0,1,0,0,1,0,0,0,1,0,1,0,0,0
0,0,1,0,1,0,0,0,0,1,0,0,1,0,0,0,1,0,0,1,0,0
0,0,1,0,1,0,0,0,0,1,0,0,1,0,0,0,1,0,0,0,1,0
0,0,1,0,1,0,0,0,0,1,0,0,1,0,0,0,0,1,1,0,0,0
0,0,1,0,1,0,0,0,0,1,0,0,1,0,0,0,0,1,0,1,0,0
0,0,1,0,1,0,0,0,0,1,0,0,1,0,0,0,0,1,0,0,1,0
0,0,1,0,1,0,0,0,0,1,0,0,0,1,0,1,0,0,1,0,0,0
0,0,1,0,1,0,0,0,0,1,0,0,0,1,0,1,0,0,0,1,0,0
0,0,1,0,1,0,0,0,0,1,0,0,0,1,0,1,0,0,0,0,1,1
0,0,1,0,1,0,0,0,0,1,0,0,0,1,0,0,1,0,1,0,0,0
0,0,1,0,1,0,0,0,0,1,0,0,0,1,0,0,1,0,0,1,0,0
0,0,1,0,1,0,0,0,0,1,0,0,0,1,0,0,1,0,0,0,1,1
0,0,1,0,1,0,0,0,0,1,0,0,0,1,0,0,0,1,1,0,0,0
0,0,1,0,1,0,0,0,0,1,0,0,0,1,0,0,0,1,0,1,0,1
0,0,1,0,1,0,0,0,0,1,0,0,0,1,0,0,0,1,0,0,1,1
0,0,1,0,1,0,0,0,0,1,0,0,0,0,1,1,0,0,1,0,0,0
0,0,1,0,1,0,0,0,0,1,0,0,0,0,1,1,0,0,0,1,0,0
0,0,1,0,1,0,0,0,0,1,0,0,0,0,1,1,0,0,0,0,1,1
0,0,1,0,1,0,0,0,0,1,0,0,0,0,1,0,1,0,1,0,0,0
0,0,1,0,1,0,0,0,0,1,0,0,0,0,1,0,1,0,0,1,0,1
0,0,1,0,1,0,0,0,0,1,0,0,0,0,1,0,1,0,0,0,1,1
0,0,1,0,1,0,0,0,0,1,0,0,0,0,1,0,0,1,1,0,0,0
0,0,1,0,1,0,0,0,0,1,0,0,0,0,1,0,0,1,0,1,0,1
0,0,1,0,1,0,0,0,0,1,0,0,0,0,1,0,0,1,0,0,1,1
0,0,1,0,1,0,0,0,0,0,1,0,1,0,0,1,0,0,1,0,0,0
0,0,1,0,1,0,0,0,0,0,1,0,1,0,0,1,0,0,0,1,0,0
0,0,1,0,1,0,0,0,0,0,1,0,1,0,0,1,0,0,0,0,1,0
0,0,1,0,1,0,0,0,0,0,1,0,1,0,0,0,1,0,1,0,0,0
0,0,1,0,1,0,0,0,0,0,1,0,1,0,0,0,1,0,0,1,0,0
0,0,1,0,1,0,0,0,0,0,1,0,1,0,0,0,1,0,0,0,1,0
0,0,1,0,1,0,0,0,0,0,1,0,1,0,0,0,0,1,1,0,0,0
0,0,1,0,1,0,0,0,0,0,1,0,1,0,0,0,0,1,0,1,0,0
0,0,1,0,1,0,0,0,0,0,1,0,1,0,0,0,0,1,0,0,1,0
0,0,1,0,1,0,0,0,0,0,1,0,0,1,0,1,0,0,1,0,0,0
0,0,1,0,1,0,0,0,0,0,1,0,0,1,0,1,0,0,0,1,0,0
0,0,1,0,1,0,0,0,0,0,1,0,0,1,0,1,0,0,0,0,1,1
0,0,1,0,1,0,0,0,0,0,1,0,0,1,0,0,1,0,1,0,0,0
0,0,1,0,1,0,0,0,0,0,1,0,0,1,0,0,1,0,0,1,0,1
0,0,1,0,1,0,0,0,0,0,1,0,0,1,0,0,1,0,0,0,1,1
0,0,1,0,1,0,0,0,0,0,1,0,0,1,0,0,0,1,1,0,0,0
0,0,1,0,1,0,0,0,0,0,1,0,0,1,0,0,0,1,0,1,0,1
0,0,1,0,1,0,0,0,0,0,1,0,0,1,0,0,0,1,0,0,1,1
0,0,1,0,1,0,0,0,0,0,1,0,0,0,1,1,0,0,1,0,0,0
0,0,1,0,1,0,0,0,0,0,1,0,0,0,1,1,0,0,0,1,0,0
0,0,1,0,1,0,0,0,0,0,1,0,0,0,1,1,0,0,0,0,1,1
0,0,1,0,1,0,0,0,0,0,1,0,0,0,1,0,1,0,1,0,0,0
0,0,1,0,1,0,0,0,0,0,1,0,0,0,1,0,1,0,0,1,0,1
0,0,1,0,1,0,0,0,0,0,1,0,0,0,1,0,1,0,0,0,1,1
0,0,1,0,1,0,0,0,0,0,1,0,0,0,1,0,0,1,1,0,0,0
0,0,1,0,1,0,0,0,0,0,1,0,0,0,1,0,0,1,0,1,0,1
0,0,1,0,1,0,0,0,0,0,1,0,0,0,1,0,0,1,0,0,1,1
0,0,1,0,1,0,0,0,0,0,0,1,1,0,0,1,0,0,1,0,0,0
0,0,1,0,1,0,0,0,0,0,0,1,1,0,0,1,0,0,0,1,0,0
0,0,1,0,1,0,0,0,0,0,0,1,1,0,0,1,0,0,0,0,1,0
0,0,1,0,1,0,0,0,0,0,0,1,1,0,0,0,1,0,1,0,0,0
0,0,1,0,1,0,0,0,0,0,0,1,1,0,0,0,1,0,0,1,0,0
0,0,1,0,1,0,0,0,0,0,0,1,1,0,0,0,1,0,0,0,1,0
0,0,1,0,1,0,0,0,0,0,0,1,1,0,0,0,0,1,1,0,0,0
0,0,1,0,1,0,0,0,0,0,0,1,1,0,0,0,0,1,0,1,0,0
0,0,1,0,1,0,0,0,0,0,0,1,1,0,0,0,0,1,0,0,1,0
0,0,1,0,1,0,0,0,0,0,0,1,0,1,0,1,0,0,1,0,0,0
0,0,1,0,1,0,0,0,0,0,0,1,0,1,0,1,0,0,0,1,0,0
0,0,1,0,1,0,0,0,0,0,0,1,0,1,0,1,0,0,0,0,1,1
0,0,1,0,1,0,0,0,0,0,0,1,0,1,0,0,1,0,1,0,0,0
0,0,1,0,1,0,0,0,0,0,0,1,0,1,0,0,1,0,0,1,0,1
0,0,1,0,1,0,0,0,0,0,0,1,0,1,0,0,1,0,0,0,1,1
0,0,1,0,1,0,0,0,0,0,0,1,0,1,0,0,0,1,1,0,0,0
0,0,1,0,1,0,0,0,0,0,0,1,0,1,0,0,0,1,0,1,0,1
0,0,1,0,1,0,0,0,0,0,0,1,0,1,0,0,0,1,0,0,1,1
0,0,1,0,1,0,0,0,0,0,0,1,0,0,1,1,0,0,1,0,0,0
0,0,1,0,1,0,0,0,0,0,0,1,0,0,1,1,0,0,0,1,0,0
0,0,1,0,1,0,0,0,0,0,0,1,0,0,1,1,0,0,0,0,1,1
0,0,1,0,1,0,0,0,0,0,0,1,0,0,1,0,1,0,1,0,0,0
0,0,1,0,1,0,0,0,0,0,0,1,0,0,1,0,1,0,0,1,0,1
0,0,1,0,1,0,0,0,0,0,0,1,0,0,1,0,1,0,0,0,1,1
0,0,1,0,1,0,0,0,0,0,0,1,0,0,1,0,0,1,1,0,0,0
0,0,1,0,1,0,0,0,0,0,0,1,0,0,1,0,0,1,0,1,0,1
0,0,1,0,1,0,0,0,0,0,0,1,0,0,1,0,0,1,0,0,1,1
0,0,1,0,0,1,0,0,1,0,0,0,1,0,0,1,0,0,1,0,0,0
0,0,1,0,0,1,0,0,1,0,0,0,1,0,0,1,0,0,0,1,0,0
0,0,1,0,0,1,0,0,1,0,0,0,1,0,0,1,0,0,0,0,1,0
0,0,1,0,0,1,0,0,1,0,0,0,1,0,0,0,1,0,1,0,0,0
0,0,1,0,0,1,0,0,1,0,0,0,1,0,0,0,1,0,0,1,0,0
0,0,1,0,0,1,0,0,1,0,0,0,1,0,0,0,1,0,0,0,1,0
0,0,1,0,0,1,0,0,1,0,0,0,1,0,0,0,0,1,1,0,0,0
0,0,1,0,0,1,0,0,1,0,0,0,1,0,0,0,0,1,0,1,0,0
0,0,1,0,0,1,0,0,1,0,0,0,1,0,0,0,0,1,0,0,1,0
0,0,1,0,0,1,0,0,1,0,0,0,0,1,0,1,0,0,1,0,0,0
0,0,1,0,0,1,0,0,1,0,0,0,0,1,0,1,0,0,0,1,0,0
0,0,1,0,0,1,0,0,1,0,0,0,0,1,0,1,0,0,0,0,1,1
0,0,1,0,0,1,0,0,1,0,0,0,0,1,0,0,1,0,1,0,0,0
0,0,1,0,0,1,0,0,1,0,0,0,0,1,0,0,1,0,0,1,0,0
0,0,1,0,0,1,0,0,1,0,0,0,0,1,0,0,1,0,0,0,1,1
0,0,1,0,0,1,0,0,1,0,0,0,0,1,0,0,0,1,1,0,0,0
0,0,1,0,0,1,0,0,1,0,0,0,0,1,0,0,0,1,0,1,0,1
0,0,1,0,0,1,0,0,1,0,0,0,0,1,0,0,0,1,0,0,1,1
0,0,1,0,0,1,0,0,1,0,0,0,0,0,1,1,0,0,1,0,0,0
0,0,1,0,0,1,0,0,1,0,0,0,0,0,1,1,0,0,0,1,0,0
0,0,1,0,0,1,0,0,1,0,0,0,0,0,1,1,0,0,0,0,1,0
0,0,1,0,0,1,0,0,1,0,0,0,0,0,1,0,1,0,1,0,0,0
0,0,1,0,0,1,0,0,1,0,0,0,0,0,1,0,1,0,0,1,0,0
0,0,1,0,0,1,0,0,1,0,0,0,0,0,1,0,1,0,0,0,1,1
0,0,1,0,0,1,0,0,1,0,0,0,0,0,1,0,0,1,1,0,0,0
0,0,1,0,0,1,0,0,1,0,0,0,0,0,1,0,0,1,0,1,0,1
0,0,1,0,0,1,0,0,1,0,0,0,0,0,1,0,0,1,0,0,1,1
0,0,1,0,0,1,0,0,0,1,0,0,1,0,0,1,0,0,1,0,0,0
0,0,1,0,0,1,0,0,0,1,0,0,1,0,0,1,0,0,0,1,0,0
0,0,1,0,0,1,0,0,0,1,0,0,1,0,0,1,0,0,0,0,1,0
0,0,1,0,0,1,0,0,0,1,0,0,1,0,0,0,1,0,1,0,0,0
0,0,1,0,0,1,0,0,0,1,0,0,1,0,0,0,1,0,0,1,0,0
0,0,1,0,0,1,0,0,0,1,0,0,1,0,0,0,1,0,0,0,1,0
0,0,1,0,0,1,0,0,0,1,0,0,1,0,0,0,0,1,1,0,0,0
0,0,1,0,0,1,0,0,0,1,0,0,1,0,0,0,0,1,0,1,0,0
0,0,1,0,0,1,0,0,0,1,0,0,1,0,0,0,0,1,0,0,1,0
0,0,1,0,0,1,0,0,0,1,0,0,0,1,0,1,0,0,1,0,0,0
0,0,1,0,0,1,0,0,0,1,0,0,0,1,0,1,0,0,0,1,0,0
0,0,1,0,0,1,0,0,0,1,0,0,0,1,0,1,0,0,0,0,1,1
0,0,1,0,0,1,0,0,0,1,0,0,0,1,0,0,1,0,1,0,0,0
0,0,1,0,0,1,0,0,0,1,0,0,0,1,0,0,1,0,0,1,0,0
0,0,1,0,0,1,0,0,0,1,0,0,0,1,0,0,1,0,0,0,1,1
0,0,1,0,0,1,0,0,0,1,0,0,0,1,0,0,0,1,1,0,0,0
0,0,1,0,0,1,0,0,0,1,0,0,0,1,0,0,0,1,0,1,0,1
0,0,1,0,0,1,0,0,0,1,0,0,0,1,0,0,0,1,0,0,1,1
0,0,1,0,0,1,0,0,0,1,0,0,0,0,1,1,0,0,1,0,0,0
0,0,1,0,0,1,0,0,0,1,0,0,0,0,1,1,0,0,0,1,0,0
0,0,1,0,0,1,0,0,0,1,0,0,0,0,1,1,0,0,0,0,1,1
0,0,1,0,0,1,0,0,0,1,0,0,0,0,1,0,1,0,1,0,0,0
0,0,1,0,0,1,0,0,0,1,0,0,0,0,1,0,1,0,0,1,0,1
0,0,1,0,0,1,0,0,0,1,0,0,0,0,1,0,1,0,0,0,1,1
0,0,1,0,0,1,0,0,0,1,0,0,0,0,1,0,0,1,1,0,0,0
0,0,1,0,0,1,0,0,0,1,0,0,0,0,1,0,0,1,0,1,0,1
0,0,1,0,0,1,0,0,0,1,0,0,0,0,1,0,0,1,0,0,1,1
0,0,1,0,0,1,0,0,0,0,1,0,1,0,0,1,0,0,1,0,0,0
0,0,1,0,0,1,0,0,0,0,1,0,1,0,0,1,0,0,0,1,0,0
0,0,1,0,0,1,0,0,0,0,1,0,1,0,0,1,0,0,0,0,1,0
0,0,1,0,0,1,0,0,0,0,1,0,1,0,0,0,1,0,1,0,0,0
0,0,1,0,0,1,0,0,0,0,1,0,1,0,0,0,1,0,0,1,0,0
0,0,1,0,0,1,0,0,0,0,1,0,1,0,0,0,1,0,0,0,1,0
0,0,1,0,0,1,0,0,0,0,1,0,1,0,0,0,0,1,1,0,0,0
0,0,1,0,0,1,0,0,0,0,1,0,1,0,0,0,0,1,0,1,0,0
0,0,1,0,0,1,0,0,0,0,1,0,1,0,0,0,0,1,0,0,1,0
0,0,1,0,0,1,0,0,0,0,1,0,0,1,0,1,0,0,1,0,0,0
0,0,1,0,0,1,0,0,0,0,1,0,0,1,0,1,0,0,0,1,0,0
0,0,1,0,0,1,0,0,0,0,1,0,0,1,0,1,0,0,0,0,1,1
0,0,1,0,0,1,0,0,0,0,1,0,0,1,0,0,1,0,1,0,0,0
0,0,1,0,0,1,0,0,0,0,1,0,0,1,0,0,1,0,0,1,0,1
0,0,1,0,0,1,0,0,0,0,1,0,0,1,0,0,1,0,0,0,1,1
0,0,1,0,0,1,0,0,0,0,1,0,0,1,0,0,0,1,1,0,0,0
0,0,1,0,0,1,0,0,0,0,1,0,0,1,0,0,0,1,0,1,0,1
0,0,1,0,0,1,0,0,0,0,1,0,0,1,0,0,0,1,0,0,1,1
0,0,1,0,0,1,0,0,0,0,1,0,0,0,1,1,0,0,1,0,0,0
0,0,1,0,0,1,0,0,0,0,1,0,0,0,1,1,0,0,0,1,0,0
0,0,1,0,0,1,0,0,0,0,1,0,0,0,1,1,0,0,0,0,1,1
0,0,1,0,0,1,0,0,0,0,1,0,0,0,1,0,1,0,1,0,0,0
0,0,1,0,0,1,0,0,0,0,1,0,0,0,1,0,1,0,0,1,0,1
0,0,1,0,0,1,0,0,0,0,1,0,0,0,1,0,1,0,0,0,1,1
0,0,1,0,0,1,0,0,0,0,1,0,0,0,1,0,0,1,1,0,0,0
0,0,1,0,0,1,0,0,0,0,1,0,0,0,1,0,0,1,0,1,0,1
0,0,1,0,0,1,0,0,0,0,1,0,0,0,1,0,0,1,0,0,1,1
0,0,1,0,0,1,0,0,0,0,0,1,1,0,0,1,0,0,1,0,0,0
0,0,1,0,0,1,0,0,0,0,0,1,1,0,0,1,0,0,0,1,0,0
0,0,1,0,0,1,0,0,0,0,0,1,1,0,0,1,0,0,0,0,1,0
0,0,1,0,0,1,0,0,0,0,0,1,1,0,0,0,1,0,1,0,0,0
0,0,1,0,0,1,0,0,0,0,0,1,1,0,0,0,1,0,0,1,0,0
0,0,1,0,0,1,0,0,0,0,0,1,1,0,0,0,1,0,0,0,1,0
0,0,1,0,0,1,0,0,0,0,0,1,1,0,0,0,0,1,1,0,0,0
0,0,1,0,0,1,0,0,0,0,0,1,1,0,0,0,0,1,0,1,0,0
0,0,1,0,0,1,0,0,0,0,0,1,1,0,0,0,0,1,0,0,1,0
0,0,1,0,0,1,0,0,0,0,0,1,0,1,0,1,0,0,1,0,0,0
0,0,1,0,0,1,0,0,0,0,0,1,0,1,0,1,0,0,0,1,0,0
0,0,1,0,0,1,0,0,0,0,0,1,0,1,0,1,0,0,0,0,1,1
0,0,1,0,0,1,0,0,0,0,0,1,0,1,0,0,1,0,1,0,0,0
0,0,1,0,0,1,0,0,0,0,0,1,0,1,0,0,1,0,0,1,0,1
0,0,1,0,0,1,0,0,0,0,0,1,0,1,0,0,1,0,0,0,1,1
0,0,1,0,0,1,0,0,0,0,0,1,0,1,0,0,0,1,1,0,0,0
0,0,1,0,0,1,0,0,0,0,0,1,0,1,0,0,0,1,0,1,0,1
0,0,1,0,0,1,0,0,0,0,0,1,0,1,0,0,0,1,0,0,1,1
0,0,1,0,0,1,0,0,0,0,0,1,0,0,1,1,0,0,1,0,0,0
0,0,1,0,0,1,0,0,0,0,0,1,0,0,1,1,0,0,0,1,0,0
0,0,1,0,0,1,0,0,0,0,0,1,0,0,1,1,0,0,0,0,1,1
0,0,1,0,0,1,0,0,0,0,0,1,0,0,1,0,1,0,1,0,0,0
0,0,1,0,0,1,0,0,0,0,0,1,0,0,1,0,1,0,0,1,0,1
0,0,1,0,0,1,0,0,0,0,0,1,0,0,1,0,1,0,0,0,1,1
0,0,1,0,0,1,0,0,0,0,0,1,0,0,1,0,0,1,1,0,0,0
0,0,1,0,0,1,0,0,0,0,0,1,0,0,1,0,0,1,0,1,0,1
0,0,1,0,0,1,0,0,0,0,0,1,0,0,1,0,0,1,0,0,1,1
0,0,1,0,0,0,1,0,1,0,0,0,1,0,0,1,0,0,1,0,0,0
0,0,1,0,0,0,1,0,1,0,0,0,1,0,0,1,0,0,0,1,0,0
0,0,1,0,0,0,1,0,1,0,0,0,1,0,0,1,0,0,0,0,1,0
0,0,1,0,0,0,1,0,1,0,0,0,1,0,0,0,1,0,1,0,0,0
0,0,1,0,0,0,1,0,1,0,0,0,1,0,0,0,1,0,0,1,0,0
0,0,1,0,0,0,1,0,1,0,0,0,1,0,0,0,1,0,0,0,1,0
0,0,1,0,0,0,1,0,1,0,0,0,1,0,0,0,0,1,1,0,0,0
0,0,1,0,0,0,1,0,1,0,0,0,1,0,0,0,0,1,0,1,0,0
0,0,1,0,0,0,1,0,1,0,0,0,1,0,0,0,0,1,0,0,1,0
0,0,1,0,0,0,1,0,1,0,0,0,0,1,0,1,0,0,1,0,0,0
0,0,1,0,0,0,1,0,1,0,0,0,0,1,0,1,0,0,0,1,0,1
0,0,1,0,0,0,1,0,1,0,0,0,0,1,0,1,0,0,0,0,1,1
0,0,1,0,0,0,1,0,1,0,0,0,0,1,0,0,1,0,1,0,0,0
0,0,1,0,0,0,1,0,1,0,0,0,0,1,0,0,1,0,0,1,0,1
0,0,1,0,0,0,1,0,1,0,0,0,0,1,0,0,1,0,0,0,1,1
0,0,1,0,0,0,1,0,1,0,0,0,0,1,0,0,0,1,1,0,0,0
0,0,1,0,0,0,1,0,1,0,0,0,0,1,0,0,0,1,0,1,0,1
0,0,1,0,0,0,1,0,1,0,0,0,0,1,0,0,0,1,0,0,1,1
0,0,1,0,0,0,1,0,1,0,0,0,0,0,1,1,0,0,1,0,0,0
0,0,1,0,0,0,1,0,1,0,0,0,0,0,1,1,0,0,0,1,0,0
0,0,1,0,0,0,1,0,1,0,0,0,0,0,1,1,0,0,0,0,1,0
0,0,1,0,0,0,1,0,1,0,0,0,0,0,1,0,1,0,1,0,0,0
0,0,1,0,0,0,1,0,1,0,0,0,0,0,1,0,1,0,0,1,0,1
0,0,1,0,0,0,1,0,1,0,0,0,0,0,1,0,1,0,0,0,1,1
0,0,1,0,0,0,1,0,1,0,0,0,0,0,1,0,0,1,1,0,0,0
0,0,1,0,0,0,1,0,1,0,0,0,0,0,1,0,0,1,0,1,0,1
0,0,1,0,0,0,1,0,1,0,0,0,0,0,1,0,0,1,0,0,1,1
0,0,1,0,0,0,1,0,0,1,0,0,1,0,0,1,0,0,1,0,0,0
0,0,1,0,0,0,1,0,0,1,0,0,1,0,0,1,0,0,0,1,0,0
0,0,1,0,0,0,1,0,0,1,0,0,1,0,0,1,0,0,0,0,1,0
0,0,1,0,0,0,1,0,0,1,0,0,1,0,0,0,1,0,1,0,0,0
0,0,1,0,0,0,1,0,0,1,0,0,1,0,0,0,1,0,0,1,0,0
0,0,1,0,0,0,1,0,0,1,0,0,1,0,0,0,1,0,0,0,1,0
0,0,1,0,0,0,1,0,0,1,0,0,1,0,0,0,0,1,1,0,0,0
0,0,1,0,0,0,1,0,0,1,0,0,1,0,0,0,0,1,0,1,0,0
0,0,1,0,0,0,1,0,0,1,0,0,1,0,0,0,0,1,0,0,1,0
0,0,1,0,0,0,1,0,0,1,0,0,0,1,0,1,0,0,1,0,0,0
0,0,1,0,0,0,1,0,0,1,0,0,0,1,0,1,0,0,0,1,0,1
0,0,1,0,0,0,1,0,0,1,0,0,0,1,0,1,0,0,0,0,1,1
0,0,1,0,0,0,1,0,0,1,0,0,0,1,0,0,1,0,1,0,0,0
0,0,1,0,0,0,1,0,0,1,0,0,0,1,0,0,1,0,0,1,0,1
0,0,1,0,0,0,1,0,0,1,0,0,0,1,0,0,1,0,0,0,1,1
0,0,1,0,0,0,1,0,0,1,0,0,0,1,0,0,0,1,1,0,0,0
0,0,1,0,0,0,1,0,0,1,0,0,0,1,0,0,0,1,0,1,0,1
0,0,1,0,0,0,1,0,0,1,0,0,0,1,0,0,0,1,0,0,1,1
0,0,1,0,0,0,1,0,0,1,0,0,0,0,1,1,0,0,1,0,0,0
0,0,1,0,0,0,1,0,0,1,0,0,0,0,1,1,0,0,0,1,0,1
0,0,1,0,0,0,1,0,0,1,0,0,0,0,1,1,0,0,0,0,1,1
0,0,1,0,0,0,1,0,0,1,0,0,0,0,1,0,1,0,1,0,0,0
0,0,1,0,0,0,1,0,0,1,0,0,0,0,1,0,1,0,0,1,0,1
0,0,1,0,0,0,1,0,0,1,0,0,0,0,1,0,1,0,0,0,1,1
0,0,1,0,0,0,1,0,0,1,0,0,0,0,1,0,0,1,1,0,0,0
0,0,1,0,0,0,1,0,0,1,0,0,0,0,1,0,0,1,0,1,0,1
0,0,1,0,0,0,1,0,0,1,0,0,0,0,1,0,0,1,0,0,1,1
0,0,1,0,0,0,1,0,0,0,1,0,1,0,0,1,0,0,1,0,0,0
0,0,1,0,0,0,1,0,0,0,1,0,1,0,0,1,0,0,0,1,0,0
0,0,1,0,0,0,1,0,0,0,1,0,1,0,0,1,0,0,0,0,1,0
0,0,1,0,0,0,1,0,0,0,1,0,1,0,0,0,1,0,1,0,0,0
0,0,1,0,0,0,1,0,0,0,1,0,1,0,0,0,1,0,0,1,0,0
0,0,1,0,0,0,1,0,0,0,1,0,1,0,0,0,1,0,0,0,1,0
0,0,1,0,0,0,1,0,0,0,1,0,1,0,0,0,0,1,1,0,0,0
0,0,1,0,0,0,1,0,0,0,1,0,1,0,0,0,0,1,0,1,0,0
0,0,1,0,0,0,1,0,0,0,1,0,1,0,0,0,0,1,0,0,1,0
0,0,1,0,0,0,1,0,0,0,1,0,0,1,0,1,0,0,1,0,0,0
0,0,1,0,0,0,1,0,0,0,1,0,0,1,0,1,0,0,0,1,0,1
0,0,1,0,0,0,1,0,0,0,1,0,0,1,0,1,0,0,0,0,1,1
0,0,1,0,0,0,1,0,0,0,1,0,0,1,0,0,1,0,1,0,0,0
0,0,1,0,0,0,1,0,0,0,1,0,0,1,0,0,1,0,0,1,0,1
0,0,1,0,0,0,1,0,0,0,1,0,0,1,0,0,1,0,0,0,1,1
0,0,1,0,0,0,1,0,0,0,1,0,0,1,0,0,0,1,1,0,0,0
0,0,1,0,0,0,1,0,0,0,1,0,0,1,0,0,0,1,0,1,0,1
0,0,1,0,0,0,1,0,0,0,1,0,0,1,0,0,0,1,0,0,1,1
0,0,1,0,0,0,1,0,0,0,1,0,0,0,1,1,0,0,1,0,0,0
0,0,1,0,0,0,1,0,0,0,1,0,0,0,1,1,0,0,0,1,0,1
0,0,1,0,0,0,1,0,0,0,1,0,0,0,1,1,0,0,0,0,1,1
0,0,1,0,0,0,1,0,0,0,1,0,0,0,1,0,1,0,1,0,0,0
0,0,1,0,0,0,1,0,0,0,1,0,0,0,1,0,1,0,0,1,0,1
0,0,1,0,0,0,1,0,0,0,1,0,0,0,1,0,1,0,0,0,1,1
0,0,1,0,0,0,1,0,0,0,1,0,0,0,1,0,0,1,1,0,0,0
0,0,1,0,0,0,1,0,0,0,1,0,0,0,1,0,0,1,0,1,0,1
0,0,1,0,0,0,1,0,0,0,1,0,0,0,1,0,0,1,0,0,1,1
0,0,1,0,0,0,1,0,0,0,0,1,1,0,0,1,0,0,1,0,0,0
0,0,1,0,0,0,1,0,0,0,0,1,1,0,0,1,0,0,0,1,0,0
0,0,1,0,0,0,1,0,0,0,0,1,1,0,0,1,0,0,0,0,1,0
0,0,1,0,0,0,1,0,0,0,0,1,1,0,0,0,1,0,1,0,0,0
0,0,1,0,0,0,1,0,0,0,0,1,1,0,0,0,1,0,0,1,0,0
0,0,1,0,0,0,1,0,0,0,0,1,1,0,0,0,1,0,0,0,1,0
0,0,1,0,0,0,1,0,0,0,0,1,1,0,0,0,0,1,1,0,0,0
0,0,1,0,0,0,1,0,0,0,0,1,1,0,0,0,0,1,0,1,0,0
0,0,1,0,0,0,1,0,0,0,0,1,1,0,0,0,0,1,0,0,1,0
0,0,1,0,0,0,1,0,0,0,0,1,0,1,0,1,0,0,1,0,0,0
0,0,1,0,0,0,1,0,0,0,0,1,0,1,0,1,0,0,0,1,0,1
0,0,1,0,0,0,1,0,0,0,0,1,0,1,0,1,0,0,0,0,1,1
0,0,1,0,0,0,1,0,0,0,0,1,0,1,0,0,1,0,1,0,0,0
0,0,1,0,0,0,1,0,0,0,0,1,0,1,0,0,1,0,0,1,0,1
0,0,1,0,0,0,1,0,0,0,0,1,0,1,0,0,1,0,0,0,1,1
0,0,1,0,0,0,1,0,0,0,0,1,0,1,0,0,0,1,1,0,0,0
0,0,1,0,0,0,1,0,0,0,0,1,0,1,0,0,0,1,0,1,0,1
0,0,1,0,0,0,1,0,0,0,0,1,0,1,0,0,0,1,0,0,1,1
0,0,1,0,0,0,1,0,0,0,0,1,0,0,1,1,0,0,1,0,0,0
0,0,1,0,0,0,1,0,0,0,0,1,0,0,1,1,0,0,0,1,0,1
0,0,1,0,0,0,1,0,0,0,0,1,0,0,1,1,0,0,0,0,1,1
0,0,1,0,0,0,1,0,0,0,0,1,0,0,1,0,1,0,1,0,0,0
0,0,1,0,0,0,1,0,0,0,0,1,0,0,1,0,1,0,0,1,0,1
0,0,1,0,0,0,1,0,0,0,0,1,0,0,1,0,1,0,0,0,1,1
0,0,1,0,0,0,1,0,0,0,0,1,0,0,1,0,0,1,1,0,0,0
0,0,1,0,0,0,1,0,0,0,0,1,0,0,1,0,0,1,0,1,0,1
0,0,1,0,0,0,1,0,0,0,0,1,0,0,1,0,0,1,0,0,1,1
0,0,1,0,0,0,0,1,1,0,0,0,1,0,0,1,0,0,1,0,0,0
0,0,1,0,0,0,0,1,1,0,0,0,1,0,0,1,0,0,0,1,0,0
0,0,1,0,0,0,0,1,1,0,0,0,1,0,0,1,0,0,0,0,1,0
0,0,1,0,0,0,0,1,1,0,0,0,1,0,0,0,1,0,1,0,0,0
0,0,1,0,0,0,0,1,1,0,0,0,1,0,0,0,1,0,0,1,0,0
0,0,1,0,0,0,0,1,1,0,0,0,1,0,0,0,1,0,0,0,1,0
0,0,1,0,0,0,0,1,1,0,0,0,1,0,0,0,0,1,1,0,0,0
0,0,1,0,0,0,0,1,1,0,0,0,1,0,0,0,0,1,0,1,0,0
0,0,1,0,0,0,0,1,1,0,0,0,1,0,0,0,0,1,0,0,1,0
0,0,1,0,0,0,0,1,1,0,0,0,0,1,0,1,0,0,1,0,0,0
0,0,1,0,0,0,0,1,1,0,0,0,0,1,0,1,0,0,0,1,0,1
0,0,1,0,0,0,0,1,1,0,0,0,0,1,0,1,0,0,0,0,1,1
0,0,1,0,0,0,0,1,1,0,0,0,0,1,0,0,1,0,1,0,0,0
0,0,1,0,0,0,0,1,1,0,0,0,0,1,0,0,1,0,0,1,0,1
0,0,1,0,0,0,0,1,1,0,0,0,0,1,0,0,1,0,0,0,1,1
0,0,1,0,0,0,0,1,1,0,0,0,0,1,0,0,0,1,1,0,0,0
0,0,1,0,0,0,0,1,1,0,0,0,0,1,0,0,0,1,0,1,0,1
0,0,1,0,0,0,0,1,1,0,0,0,0,1,0,0,0,1,0,0,1,1
0,0,1,0,0,0,0,1,1,0,0,0,0,0,1,1,0,0,1,0,0,0
0,0,1,0,0,0,0,1,1,0,0,0,0,0,1,1,0,0,0,1,0,0
0,0,1,0,0,0,0,1,1,0,0,0,0,0,1,1,0,0,0,0,1,0
0,0,1,0,0,0,0,1,1,0,0,0,0,0,1,0,1,0,1,0,0,0
0,0,1,0,0,0,0,1,1,0,0,0,0,0,1,0,1,0,0,1,0,1
0,0,1,0,0,0,0,1,1,0,0,0,0,0,1,0,1,0,0,0,1,1
0,0,1,0,0,0,0,1,1,0,0,0,0,0,1,0,0,1,1,0,0,0
0,0,1,0,0,0,0,1,1,0,0,0,0,0,1,0,0,1,0,1,0,1
0,0,1,0,0,0,0,1,1,0,0,0,0,0,1,0,0,1,0,0,1,1
0,0,1,0,0,0,0,1,0,1,0,0,1,0,0,1,0,0,1,0,0,0
0,0,1,0,0,0,0,1,0,1,0,0,1,0,0,1,0,0,0,1,0,0
0,0,1,0,0,0,0,1,0,1,0,0,1,0,0,1,0,0,0,0,1,0
0,0,1,0,0,0,0,1,0,1,0,0,1,0,0,0,1,0,1,0,0,0
0,0,1,0,0,0,0,1,0,1,0,0,1,0,0,0,1,0,0,1,0,0
0,0,1,0,0,0,0,1,0,1,0,0,1,0,0,0,1,0,0,0,1,0
0,0,1,0,0,0,0,1,0,1,0,0,1,0,0,0,0,1,1,0,0,0
0,0,1,0,0,0,0,1,0,1,0,0,1,0,0,0,0,1,0,1,0,0
0,0,1,0,0,0,0,1,0,1,0,0,1,0,0,0,0,1,0,0,1,0
0,0,1,0,0,0,0,1,0,1,0,0,0,1,0,1,0,0,1,0,0,0
0,0,1,0,0,0,0,1,0,1,0,0,0,1,0,1,0,0,0,1,0,1
0,0,1,0,0,0,0,1,0,1,0,0,0,1,0,1,0,0,0,0,1,1
0,0,1,0,0,0,0,1,0,1,0,0,0,1,0,0,1,0,1,0,0,0
0,0,1,0,0,0,0,1,0,1,0,0,0,1,0,0,1,0,0,1,0,1
0,0,1,0,0,0,0,1,0,1,0,0,0,1,0,0,1,0,0,0,1,1
0,0,1,0,0,0,0,1,0,1,0,0,0,1,0,0,0,1,1,0,0,0
0,0,1,0,0,0,0,1,0,1,0,0,0,1,0,0,0,1,0,1,0,1
0,0,1,0,0,0,0,1,0,1,0,0,0,1,0,0,0,1,0,0,1,1
0,0,1,0,0,0,0,1,0,1,0,0,0,0,1,1,0,0,1,0,0,0
0,0,1,0,0,0,0,1,0,1,0,0,0,0,1,1,0,0,0,1,0,1
0,0,1,0,0,0,0,1,0,1,0,0,0,0,1,1,0,0,0,0,1,1
0,0,1,0,0,0,0,1,0,1,0,0,0,0,1,0,1,0,1,0,0,0
0,0,1,0,0,0,0,1,0,1,0,0,0,0,1,0,1,0,0,1,0,1
0,0,1,0,0,0,0,1,0,1,0,0,0,0,1,0,1,0,0,0,1,1
0,0,1,0,0,0,0,1,0,1,0,0,0,0,1,0,0,1,1,0,0,0
0,0,1,0,0,0,0,1,0,1,0,0,0,0,1,0,0,1,0,1,0,1
0,0,1,0,0,0,0,1,0,1,0,0,0,0,1,0,0,1,0,0,1,1
0,0,1,0,0,0,0,1,0,0,1,0,1,0,0,1,0,0,1,0,0,0
0,0,1,0,0,0,0,1,0,0,1,0,1,0,0,1,0,0,0,1,0,0
0,0,1,0,0,0,0,1,0,0,1,0,1,0,0,1,0,0,0,0,1,0
0,0,1,0,0,0,0,1,0,0,1,0,1,0,0,0,1,0,1,0,0,0
0,0,1,0,0,0,0,1,0,0,1,0,1,0,0,0,1,0,0,1,0,0
0,0,1,0,0,0,0,1,0,0,1,0,1,0,0,0,1,0,0,0,1,0
0,0,1,0,0,0,0,1,0,0,1,0,1,0,0,0,0,1,1,0,0,0
0,0,1,0,0,0,0,1,0,0,1,0,1,0,0,0,0,1,0,1,0,0
0,0,1,0,0,0,0,1,0,0,1,0,1,0,0,0,0,1,0,0,1,0
0,0,1,0,0,0,0,1,0,0,1,0,0,1,0,1,0,0,1,0,0,0
0,0,1,0,0,0,0,1,0,0,1,0,0,1,0,1,0,0,0,1,0,1
0,0,1,0,0,0,0,1,0,0,1,0,0,1,0,1,0,0,0,0,1,1
0,0,1,0,0,0,0,1,0,0,1,0,0,1,0,0,1,0,1,0,0,0
0,0,1,0,0,0,0,1,0,0,1,0,0,1,0,0,1,0,0,1,0,1
0,0,1,0,0,0,0,1,0,0,1,0,0,1,0,0,1,0,0,0,1,1
0,0,1,0,0,0,0,1,0,0,1,0,0,1,0,0,0,1,1,0,0,0
0,0,1,0,0,0,0,1,0,0,1,0,0,1,0,0,0,1,0,1,0,1
0,0,1,0,0,0,0,1,0,0,1,0,0,1,0,0,0,1,0,0,1,1
0,0,1,0,0,0,0,1,0,0,1,0,0,0,1,1,0,0,1,0,0,0
0,0,1,0,0,0,0,1,0,0,1,0,0,0,1,1,0,0,0,1,0,1
0,0,1,0,0,0,0,1,0,0,1,0,0,0,1,1,0,0,0,0,1,1
0,0,1,0,0,0,0,1,0,0,1,0,0,0,1,0,1,0,1,0,0,0
0,0,1,0,0,0,0,1,0,0,1,0,0,0,1,0,1,0,0,1,0,1
0,0,1,0,0,0,0,1,0,0,1,0,0,0,1,0,1,0,0,0,1,1
0,0,1,0,0,0,0,1,0,0,1,0,0,0,1,0,0,1,1,0,0,0
0,0,1,0,0,0,0,1,0,0,1,0,0,0,1,0,0,1,0,1,0,1
0,0,1,0,0,0,0,1,0,0,1,0,0,0,1,0,0,1,0,0,1,1
0,0,1,0,0,0,0,1,0,0,0,1,1,0,0,1,0,0,1,0,0,0
0,0,1,0,0,0,0,1,0,0,0,1,1,0,0,1,0,0,0,1,0,0
0,0,1,0,0,0,0,1,0,0,0,1,1,0,0,1,0,0,0,0,1,0
0,0,1,0,0,0,0,1,0,0,0,1,1,0,0,0,1,0,1,0,0,0
0,0,1,0,0,0,0,1,0,0,0,1,1,0,0,0,1,0,0,1,0,0
0,0,1,0,0,0,0,1,0,0,0,1,1,0,0,0,1,0,0,0,1,0
0,0,1,0,0,0,0,1,0,0,0,1,1,0,0,0,0,1,1,0,0,0
0,0,1,0,0,0,0,1,0,0,0,1,1,0,0,0,0,1,0,1,0,0
0,0,1,0,0,0,0,1,0,0,0,1,1,0,0,0,0,1,0,0,1,0
0,0,1,0,0,0,0,1,0,0,0,1,0,1,0,1,0,0,1,0,0,0
0,0,1,0,0,0,0,1,0,0,0,1,0,1,0,1,0,0,0,1,0,1
0,0,1,0,0,0,0,1,0,0,0,1,0,1,0,1,0,0,0,0,1,1
0,0,1,0,0,0,0,1,0,0,0,1,0,1,0,0,1,0,1,0,0,0
0,0,1,0,0,0,0,1,0,0,0,1,0,1,0,0,1,0,0,1,0,1
0,0,1,0,0,0,0,1,0,0,0,1,0,1,0,0,1,0,0,0,1,1
0,0,1,0,0,0,0,1,0,0,0,1,0,1,0,0,0,1,1,0,0,0
0,0,1,0,0,0,0,1,0,0,0,1,0,1,0,0,0,1,0,1,0,1
0,0,1,0,0,0,0,1,0,0,0,1,0,1,0,0,0,1,0,0,1,1
0,0,1,0,0,0,0,1,0,0,0,1,0,0,1,1,0,0,1,0,0,0
0,0,1,0,0,0,0,1,0,0,0,1,0,0,1,1,0,0,0,1,0,1
0,0,1,0,0,0,0,1,0,0,0,1,0,0,1,1,0,0,0,0,1,1
0,0,1,0,0,0,0,1,0,0,0,1,0,0,1,0,1,0,1,0,0,0
0,0,1,0,0,0,0,1,0,0,0,1,0,0,1,0,1,0,0,1,0,1
0,0,1,0,0,0,0,1,0,0,0,1,0,0,1,0,1,0,0,0,1,1
0,0,1,0,0,0,0,1,0,0,0,1,0,0,1,0,0,1,1,0,0,0
0,0,1,0,0,0,0,1,0,0,0,1,0,0,1,0,0,1,0,1,0,1
0,0,1,0,0,0,0,1,0,0,0,1,0,0,1,0,0,1,0,0,1,1
0,0,0,1,1,0,0,0,1,0,0,0,1,0,0,1,0,0,1,0,0,0
0,0,0,1,1,0,0,0,1,0,0,0,1,0,0,1,0,0,0,1,0,0
0,0,0,1,1,0,0,0,1,0,0,0,1,0,0,1,0,0,0,0,1,0
0,0,0,1,1,0,0,0,1,0,0,0,1,0,0,0,1,0,1,0,0,0
0,0,0,1,1,0,0,0,1,0,0,0,1,0,0,0,1,0,0,1,0,0
0,0,0,1,1,0,0,0,1,0,0,0,1,0,0,0,1,0,0,0,1,0
0,0,0,1,1,0,0,0,1,0,0,0,1,0,0,0,0,1,1,0,0,0
0,0,0,1,1,0,0,0,1,0,0,0,1,0,0,0,0,1,0,1,0,0
0,0,0,1,1,0,0,0,1,0,0,0,1,0,0,0,0,1,0,0,1,0
0,0,0,1,1,0,0,0,1,0,0,0,0,1,0,1,0,0,1,0,0,0
0,0,0,1,1,0,0,0,1,0,0,0,0,1,0,1,0,0,0,1,0,0
0,0,0,1,1,0,0,0,1,0,0,0,0,1,0,1,0,0,0,0,1,1
0,0,0,1,1,0,0,0,1,0,0,0,0,1,0,0,1,0,1,0,0,0
0,0,0,1,1,0,0,0,1,0,0,0,0,1,0,0,1,0,0,1,0,0
0,0,0,1,1,0,0,0,1,0,0,0,0,1,0,0,1,0,0,0,1,1
0,0,0,1,1,0,0,0,1,0,0,0,0,1,0,0,0,1,1,0,0,0
0,0,0,1,1,0,0,0,1,0,0,0,0,1,0,0,0,1,0,1,0,1
0,0,0,1,1,0,0,0,1,0,0,0,0,1,0,0,0,1,0,0,1,1
0,0,0,1,1,0,0,0,1,0,0,0,0,0,1,1,0,0,1,0,0,0
0,0,0,1,1,0,0,0,1,0,0,0,0,0,1,1,0,0,0,1,0,0
0,0,0,1,1,0,0,0,1,0,0,0,0,0,1,1,0,0,0,0,1,0
0,0,0,1,1,0,0,0,1,0,0,0,0,0,1,0,1,0,1,0,0,0
0,0,0,1,1,0,0,0,1,0,0,0,0,0,1,0,1,0,0,1,0,0
0,0,0,1,1,0,0,0,1,0,0,0,0,0,1,0,1,0,0,0,1,1
0,0,0,1,1,0,0,0,1,0,0,0,0,0,1,0,0,1,1,0,0,0
0,0,0,1,1,0,0,0,1,0,0,0,0,0,1,0,0,1,0,1,0,1
0,0,0,1,1,0,0,0,1,0,0,0,0,0,1,0,0,1,0,0,1,1
0,0,0,1,1,0,0,0,0,1,0,0,1,0,0,1,0,0,1,0,0,0
0,0,0,1,1,0,0,0,0,1,0,0,1,0,0,1,0,0,0,1,0,0
0,0,0,1,1,0,0,0,0,1,0,0,1,0,0,1,0,0,0,0,1,0
0,0,0,1,1,0,0,0,0,1,0,0,1,0,0,0,1,0,1,0,0,0
0,0,0,1,1,0,0,0,0,1,0,0,1,0,0,0,1,0,0,1,0,0
0,0,0,1,1,0,0,0,0,1,0,0,1,0,0,0,1,0,0,0,1,0
0,0,0,1,1,0,0,0,0,1,0,0,1,0,0,0,0,1,1,0,0,0
0,0,0,1,1,0,0,0,0,1,0,0,1,0,0,0,0,1,0,1,0,0
0,0,0,1,1,0,0,0,0,1,0,0,1,0,0,0,0,1,0,0,1,0
0,0,0,1,1,0,0,0,0,1,0,0,0,1,0,1,0,0,1,0,0,0
0,0,0,1,1,0,0,0,0,1,0,0,0,1,0,1,0,0,0,1,0,0
0,0,0,1,1,0,0,0,0,1,0,0,0,1,0,1,0,0,0,0,1,1
0,0,0,1,1,0,0,0,0,1,0,0,0,1,0,0,1,0,1,0,0,0
0,0,0,1,1,0,0,0,0,1,0,0,0,1,0,0,1,0,0,1,0,0
0,0,0,1,1,0,0,0,0,1,0,0,0,1,0,0,1,0,0,0,1,1
0,0,0,1,1,0,0,0,0,1,0,0,0,1,0,0,0,1,1,0,0,0
0,0,0,1,1,0,0,0,0,1,0,0,0,1,0,0,0,1,0,1,0,1
0,0,0,1,1,0,0,0,0,1,0,0,0,1,0,0,0,1,0,0,1,1
0,0,0,1,1,0,0,0,0,1,0,0,0,0,1,1,0,0,1,0,0,0
0,0,0,1,1,0,0,0,0,1,0,0,0,0,1,1,0,0,0,1,0,0
0,0,0,1,1,0,0,0,0,1,0,0,0,0,1,1,0,0,0,0,1,1
0,0,0,1,1,0,0,0,0,1,0,0,0,0,1,0,1,0,1,0,0,0
0,0,0,1,1,0,0,0,0,1,0,0,0,0,1,0,1,0,0,1,0,1
0,0,0,1,1,0,0,0,0,1,0,0,0,0,1,0,1,0,0,0,1,1
0,0,0,1,1,0,0,0,0,1,0,0,0,0,1,0,0,1,1,0,0,0
0,0,0,1,1,0,0,0,0,1,0,0,0,0,1,0,0,1,0,1,0,1
0,0,0,1,1,0,0,0,0,1,0,0,0,0,1,0,0,1,0,0,1,1
0,0,0,1,1,0,0,0,0,0,1,0,1,0,0,1,0,0,1,0,0,0
0,0,0,1,1,0,0,0,0,0,1,0,1,0,0,1,0,0,0,1,0,0
0,0,0,1,1,0,0,0,0,0,1,0,1,0,0,1,0,0,0,0,1,0
0,0,0,1,1,0,0,0,0,0,1,0,1,0,0,0,1,0,1,0,0,0
0,0,0,1,1,0,0,0,0,0,1,0,1,0,0,0,1,0,0,1,0,0
0,0,0,1,1,0,0,0,0,0,1,0,1,0,0,0,1,0,0,0,1,0
0,0,0,1,1,0,0,0,0,0,1,0,1,0,0,0,0,1,1,0,0,0
0,0,0,1,1,0,0,0,0,0,1,0,1,0,0,0,0,1,0,1,0,0
0,0,0,1,1,0,0,0,0,0,1,0,1,0,0,0,0,1,0,0,1,0
0,0,0,1,1,0,0,0,0,0,1,0,0,1,0,1,0,0,1,0,0,0
0,0,0,1,1,0,0,0,0,0,1,0,0,1,0,1,0,0,0,1,0,0
0,0,0,1,1,0,0,0,0,0,1,0,0,1,0,1,0,0,0,0,1,1
0,0,0,1,1,0,0,0,0,0,1,0,0,1,0,0,1,0,1,0,0,0
0,0,0,1,1,0,0,0,0,0,1,0,0,1,0,0,1,0,0,1,0,1
0,0,0,1,1,0,0,0,0,0,1,0,0,1,0,0,1,0,0,0,1,1
0,0,0,1,1,0,0,0,0,0,1,0,0,1,0,0,0,1,1,0,0,0
0,0,0,1,1,0,0,0,0,0,1,0,0,1,0,0,0,1,0,1,0,1
0,0,0,1,1,0,0,0,0,0,1,0,0,1,0,0,0,1,0,0,1,1
0,0,0,1,1,0,0,0,0,0,1,0,0,0,1,1,0,0,1,0,0,0
0,0,0,1,1,0,0,0,0,0,1,0,0,0,1,1,0,0,0,1,0,0
0,0,0,1,1,0,0,0,0,0,1,0,0,0,1,1,0,0,0,0,1,1
0,0,0,1,1,0,0,0,0,0,1,0,0,0,1,0,1,0,1,0,0,0
0,0,0,1,1,0,0,0,0,0,1,0,0,0,1,0,1,0,0,1,0,1
0,0,0,1,1,0,0,0,0,0,1,0,0,0,1,0,1,0,0,0,1,1
0,0,0,1,1,0,0,0,0,0,1,0,0,0,1,0,0,1,1,0,0,0
0,0,0,1,1,0,0,0,0,0,1,0,0,0,1,0,0,1,0,1,0,1
0,0,0,1,1,0,0,0,0,0,1,0,0,0,1,0,0,1,0,0,1,1
0,0,0,1,1,0,0,0,0,0,0,1,1,0,0,1,0,0,1,0,0,0
0,0,0,1,1,0,0,0,0,0,0,1,1,0,0,1,0,0,0,1,0,0
0,0,0,1,1,0,0,0,0,0,0,1,1,0,0,1,0,0,0,0,1,0
0,0,0,1,1,0,0,0,0,0,0,1,1,0,0,0,1,0,1,0,0,0
0,0,0,1,1,0,0,0,0,0,0,1,1,0,0,0,1,0,0,1,0,0
0,0,0,1,1,0,0,0,0,0,0,1,1,0,0,0,1,0,0,0,1,0
0,0,0,1,1,0,0,0,0,0,0,1,1,0,0,0,0,1,1,0,0,0
0,0,0,1,1,0,0,0,0,0,0,1,1,0,0,0,0,1,0,1,0,0
0,0,0,1,1,0,0,0,0,0,0,1,1,0,0,0,0,1,0,0,1,0
0,0,0,1,1,0,0,0,0,0,0,1,0,1,0,1,0,0,1,0,0,0
0,0,0,1,1,0,0,0,0,0,0,1,0,1,0,1,0,0,0,1,0,0
0,0,0,1,1,0,0,0,0,0,0,1,0,1,0,1,0,0,0,0,1,1
0,0,0,1,1,0,0,0,0,0,0,1,0,1,0,0,1,0,1,0,0,0
0,0,0,1,1,0,0,0,0,0,0,1,0,1,0,0,1,0,0,1,0,1
0,0,0,1,1,0,0,0,0,0,0,1,0,1,0,0,1,0,0,0,1,1
0,0,0,1,1,0,0,0,0,0,0,1,0,1,0,0,0,1,1,0,0,0
0,0,0,1,1,0,0,0,0,0,0,1,0,1,0,0,0,1,0,1,0,1
0,0,0,1,1,0,0,0,0,0,0,1,0,1,0,0,0,1,0,0,1,1
0,0,0,1,1,0,0,0,0,0,0,1,0,0,1,1,0,0,1,0,0,0
0,0,0,1,1,0,0,0,0,0,0,1,0,0,1,1,0,0,0,1,0,0
0,0,0,1,1,0,0,0,0,0,0,1,0,0,1,1,0,0,0,0,1,1
0,0,0,1,1,0,0,0,0,0,0,1,0,0,1,0,1,0,1,0,0,0
0,0,0,1,1,0,0,0,0,0,0,1,0,0,1,0,1,0,0,1,0,1
0,0,0,1,1,0,0,0,0,0,0,1,0,0,1,0,1,0,0,0,1,1
0,0,0,1,1,0,0,0,0,0,0,1,0,0,1,0,0,1,1,0,0,0
0,0,0,1,1,0,0,0,0,0,0,1,0,0,1,0,0,1,0,1,0,1
0,0,0,1,1,0,0,0,0,0,0,1,0,0,1,0,0,1,0,0,1,1
0,0,0,1,0,1,0,0,1,0,0,0,1,0,0,1,0,0,1,0,0,0
0,0,0,1,0,1,0,0,1,0,0,0,1,0,0,1,0,0,0,1,0,0
0,0,0,1,0,1,0,0,1,0,0,0,1,0,0,1,0,0,0,0,1,0
0,0,0,1,0,1,0,0,1,0,0,0,1,0,0,0,1,0,1,0,0,0
0,0,0,1,0,1,0,0,1,0,0,0,1,0,0,0,1,0,0,1,0,0
0,0,0,1,0,1,0,0,1,0,0,0,1,0,0,0,1,0,0,0,1,0
0,0,0,1,0,1,0,0,1,0,0,0,1,0,0,0,0,1,1,0,0,0
0,0,0,1,0,1,0,0,1,0,0,0,1,0,0,0,0,1,0,1,0,0
0,0,0,1,0,1,0,0,1,0,0,0,1,0,0,0,0,1,0,0,1,0
0,0,0,1,0,1,0,0,1,0,0,0,0,1,0,1,0,0,1,0,0,0
0,0,0,1,0,1,0,0,1,0,0,0,0,1,0,1,0,0,0,1,0,1
0,0,0,1,0,1,0,0,1,0,0,0,0,1,0,1,0,0,0,0,1,1
0,0,0,1,0,1,0,0,1,0,0,0,0,1,0,0,1,0,1,0,0,0
0,0,0,1,0,1,0,0,1,0,0,0,0,1,0,0,1,0,0,1,0,1
0,0,0,1,0,1,0,0,1,0,0,0,0,1,0,0,1,0,0,0,1,1
0,0,0,1,0,1,0,0,1,0,0,0,0,1,0,0,0,1,1,0,0,0
0,0,0,1,0,1,0,0,1,0,0,0,0,1,0,0,0,1,0,1,0,1
0,0,0,1,0,1,0,0,1,0,0,0,0,1,0,0,0,1,0,0,1,1
0,0,0,1,0,1,0,0,1,0,0,0,0,0,1,1,0,0,1,0,0,0
0,0,0,1,0,1,0,0,1,0,0,0,0,0,1,1,0,0,0,1,0,0
0,0,0,1,0,1,0,0,1,0,0,0,0,0,1,1,0,0,0,0,1,0
0,0,0,1,0,1,0,0,1,0,0,0,0,0,1,0,1,0,1,0,0,0
0,0,0,1,0,1,0,0,1,0,0,0,0,0,1,0,1,0,0,1,0,1
0,0,0,1,0,1,0,0,1,0,0,0,0,0,1,0,1,0,0,0,1,1
0,0,0,1,0,1,0,0,1,0,0,0,0,0,1,0,0,1,1,0,0,0
0,0,0,1,0,1,0,0,1,0,0,0,0,0,1,0,0,1,0,1,0,1
0,0,0,1,0,1,0,0,1,0,0,0,0,0,1,0,0,1,0,0,1,1
0,0,0,1,0,1,0,0,0,1,0,0,1,0,0,1,0,0,1,0,0,0
0,0,0,1,0,1,0,0,0,1,0,0,1,0,0,1,0,0,0,1,0,0
0,0,0,1,0,1,0,0,0,1,0,0,1,0,0,1,0,0,0,0,1,0
0,0,0,1,0,1,0,0,0,1,0,0,1,0,0,0,1,0,1,0,0,0
0,0,0,1,0,1,0,0,0,1,0,0,1,0,0,0,1,0,0,1,0,0
0,0,0,1,0,1,0,0,0,1,0,0,1,0,0,0,1,0,0,0,1,0
0,0,0,1,0,1,0,0,0,1,0,0,1,0,0,0,0,1,1,0,0,0
0,0,0,1,0,1,0,0,0,1,0,0,1,0,0,0,0,1,0,1,0,0
0,0,0,1,0,1,0,0,0,1,0,0,1,0,0,0,0,1,0,0,1,0
0,0,0,1,0,1,0,0,0,1,0,0,0,1,0,1,0,0,1,0,0,0
0,0,0,1,0,1,0,0,0,1,0,0,0,1,0,1,0,0,0,1,0,1
0,0,0,1,0,1,0,0,0,1,0,0,0,1,0,1,0,0,0,0,1,1
0,0,0,1,0,1,0,0,0,1,0,0,0,1,0,0,1,0,1,0,0,0
0,0,0,1,0,1,0,0,0,1,0,0,0,1,0,0,1,0,0,1,0,1
0,0,0,1,0,1,0,0,0,1,0,0,0,1,0,0,1,0,0,0,1,1
0,0,0,1,0,1,0,0,0,1,0,0,0,1,0,0,0,1,1,0,0,0
0,0,0,1,0,1,0,0,0,1,0,0,0,1,0,0,0,1,0,1,0,1
0,0,0,1,0,1,0,0,0,1,0,0,0,1,0,0,0,1,0,0,1,1
0,0,0,1,0,1,0,0,0,1,0,0,0,0,1,1,0,0,1,0,0,0
0,0,0,1,0,1,0,0,0,1,0,0,0,0,1,1,0,0,0,1,0,1
0,0,0,1,0,1,0,0,0,1,0,0,0,0,1,1,0,0,0,0,1,1
0,0,0,1,0,1,0,0,0,1,0,0,0,0,1,0,1,0,1,0,0,0
0,0,0,1,0,1,0,0,0,1,0,0,0,0,1,0,1,0,0,1,0,1
0,0,0,1,0,1,0,0,0,1,0,0,0,0,1,0,1,0,0,0,1,1
0,0,0,1,0,1,0,0,0,1,0,0,0,0,1,0,0,1,1,0,0,0
0,0,0,1,0,1,0,0,0,1,0,0,0,0,1,0,0,1,0,1,0,1
0,0,0,1,0,1,0,0,0,1,0,0,0,0,1,0,0,1,0,0,1,1
0,0,0,1,0,1,0,0,0,0,1,0,1,0,0,1,0,0,1,0,0,0
0,0,0,1,0,1,0,0,0,0,1,0,1,0,0,1,0,0,0,1,0,0
0,0,0,1,0,1,0,0,0,0,1,0,1,0,0,1,0,0,0,0,1,0
0,0,0,1,0,1,0,0,0,0,1,0,1,0,0,0,1,0,1,0,0,0
0,0,0,1,0,1,0,0,0,0,1,0,1,0,0,0,1,0,0,1,0,0
0,0,0,1,0,1,0,0,0,0,1,0,1,0,0,0,1,0,0,0,1,0
0,0,0,1,0,1,0,0,0,0,1,0,1,0,0,0,0,1,1,0,0,0
0,0,0,1,0,1,0,0,0,0,1,0,1,0,0,0,0,1,0,1,0,0
0,0,0,1,0,1,0,0,0,0,1,0,1,0,0,0,0,1,0,0,1,0
0,0,0,1,0,1,0,0,0,0,1,0,0,1,0,1,0,0,1,0,0,0
0,0,0,1,0,1,0,0,0,0,1,0,0,1,0,1,0,0,0,1,0,1
0,0,0,1,0,1,0,0,0,0,1,0,0,1,0,1,0,0,0,0,1,1
0,0,0,1,0,1,0,0,0,0,1,0,0,1,0,0,1,0,1,0,0,0
0,0,0,1,0,1,0,0,0,0,1,0,0,1,0,0,1,0,0,1,0,1
0,0,0,1,0,1,0,0,0,0,1,0,0,1,0,0,1,0,0,0,1,1
0,0,0,1,0,1,0,0,0,0,1,0,0,1,0,0,0,1,1,0,0,0
0,0,0,1,0,1,0,0,0,0,1,0,0,1,0,0,0,1,0,1,0,1
0,0,0,1,0,1,0,0,0,0,1,0,0,1,0,0,0,1,0,0,1,1
0,0,0,1,0,1,0,0,0,0,1,0,0,0,1,1,0,0,1,0,0,0
0,0,0,1,0,1,0,0,0,0,1,0,0,0,1,1,0,0,0,1,0,1
0,0,0,1,0,1,0,0,0,0,1,0,0,0,1,1,0,0,0,0,1,1
0,0,0,1,0,1,0,0,0,0,1,0,0,0,1,0,1,0,1,0,0,0
0,0,0,1,0,1,0,0,0,0,1,0,0,0,1,0,1,0,0,1,0,1
0,0,0,1,0,1,0,0,0,0,1,0,0,0,1,0,1,0,0,0,1,1
0,0,0,1,0,1,0,0,0,0,1,0,0,0,1,0,0,1,1,0,0,0
0,0,0,1,0,1,0,0,0,0,1,0,0,0,1,0,0,1,0,1,0,1
0,0,0,1,0,1,0,0,0,0,1,0,0,0,1,0,0,1,0,0,1,1
0,0,0,1,0,1,0,0,0,0,0,1,1,0,0,1,0,0,1,0,0,0
0,0,0,1,0,1,0,0,0,0,0,1,1,0,0,1,0,0,0,1,0,0
0,0,0,1,0,1,0,0,0,0,0,1,1,0,0,1,0,0,0,0,1,0
0,0,0,1,0,1,0,0,0,0,0,1,1,0,0,0,1,0,1,0,0,0
0,0,0,1,0,1,0,0,0,0,0,1,1,0,0,0,1,0,0,1,0,0
0,0,0,1,0,1,0,0,0,0,0,1,1,0,0,0,1,0,0,0,1,0
0,0,0,1,0,1,0,0,0,0,0,1,1,0,0,0,0,1,1,0,0,0
0,0,0,1,0,1,0,0,0,0,0,1,1,0,0,0,0,1,0,1,0,0
0,0,0,1,0,1,0,0,0,0,0,1,1,0,0,0,0,1,0,0,1,0
0,0,0,1,0,1,0,0,0,0,0,1,0,1,0,1,0,0,1,0,0,0
0,0,0,1,0,1,0,0,0,0,0,1,0,1,0,1,0,0,0,1,0,1
0,0,0,1,0,1,0,0,0,0,0,1,0,1,0,1,0,0,0,0,1,1
0,0,0,1,0,1,0,0,0,0,0,1,0,1,0,0,1,0,1,0,0,0
0,0,0,1,0,1,0,0,0,0,0,1,0,1,0,0,1,0,0,1,0,1
0,0,0,1,0,1,0,0,0,0,0,1,0,1,0,0,1,0,0,0,1,1
0,0,0,1,0,1,0,0,0,0,0,1,0,1,0,0,0,1,1,0,0,0
0,0,0,1,0,1,0,0,0,0,0,1,0,1,0,0,0,1,0,1,0,1
0,0,0,1,0,1,0,0,0,0,0,1,0,1,0,0,0,1,0,0,1,1
0,0,0,1,0,1,0,0,0,0,0,1,0,0,1,1,0,0,1,0,0,0
0,0,0,1,0,1,0,0,0,0,0,1,0,0,1,1,0,0,0,1,0,1
0,0,0,1,0,1,0,0,0,0,0,1,0,0,1,1,0,0,0,0,1,1
0,0,0,1,0,1,0,0,0,0,0,1,0,0,1,0,1,0,1,0,0,0
0,0,0,1,0,1,0,0,0,0,0,1,0,0,1,0,1,0,0,1,0,1
0,0,0,1,0,1,0,0,0,0,0,1,0,0,1,0,1,0,0,0,1,1
0,0,0,1,0,1,0,0,0,0,0,1,0,0,1,0,0,1,1,0,0,0
0,0,0,1,0,1,0,0,0,0,0,1,0,0,1,0,0,1,0,1,0,1
0,0,0,1,0,1,0,0,0,0,0,1,0,0,1,0,0,1,0,0,1,1
0,0,0,1,0,0,1,0,1,0,0,0,1,0,0,1,0,0,1,0,0,0
0,0,0,1,0,0,1,0,1,0,0,0,1,0,0,1,0,0,0,1,0,0
0,0,0,1,0,0,1,0,1,0,0,0,1,0,0,1,0,0,0,0,1,0
0,0,0,1,0,0,1,0,1,0,0,0,1,0,0,0,1,0,1,0,0,0
0,0,0,1,0,0,1,0,1,0,0,0,1,0,0,0,1,0,0,1,0,0
0,0,0,1,0,0,1,0,1,0,0,0,1,0,0,0,1,0,0,0,1,0
0,0,0,1,0,0,1,0,1,0,0,0,1,0,0,0,0,1,1,0,0,0
0,0,0,1,0,0,1,0,1,0,0,0,1,0,0,0,0,1,0,1,0,0
0,0,0,1,0,0,1,0,1,0,0,0,1,0,0,0,0,1,0,0,1,0
0,0,0,1,0,0,1,0,1,0,0,0,0,1,0,1,0,0,1,0,0,0
0,0,0,1,0,0,1,0,1,0,0,0,0,1,0,1,0,0,0,1,0,1
0,0,0,1,0,0,1,0,1,0,0,0,0,1,0,1,0,0,0,0,1,1
0,0,0,1,0,0,1,0,1,0,0,0,0,1,0,0,1,0,1,0,0,0
0,0,0,1,0,0,1,0,1,0,0,0,0,1,0,0,1,0,0,1,0,1
0,0,0,1,0,0,1,0,1,0,0,0,0,1,0,0,1,0,0,0,1,1
0,0,0,1,0,0,1,0,1,0,0,0,0,1,0,0,0,1,1,0,0,0
0,0,0,1,0,0,1,0,1,0,0,0,0,1,0,0,0,1,0,1,0,1
0,0,0,1,0,0,1,0,1,0,0,0,0,1,0,0,0,1,0,0,1,1
0,0,0,1,0,0,1,0,1,0,0,0,0,0,1,1,0,0,1,0,0,0
0,0,0,1,0,0,1,0,1,0,0,0,0,0,1,1,0,0,0,1,0,0
0,0,0,1,0,0,1,0,1,0,0,0,0,0,1,1,0,0,0,0,1,0
0,0,0,1,0,0,1,0,1,0,0,0,0,0,1,0,1,0,1,0,0,0
0,0,0,1,0,0,1,0,1,0,0,0,0,0,1,0,1,0,0,1,0,1
0,0,0,1,0,0,1,0,1,0,0,0,0,0,1,0,1,0,0,0,1,1
0,0,0,1,0,0,1,0,1,0,0,0,0,0,1,0,0,1,1,0,0,0
0,0,0,1,0,0,1,0,1,0,0,0,0,0,1,0,0,1,0,1,0,1
0,0,0,1,0,0,1,0,1,0,0,0,0,0,1,0,0,1,0,0,1,1
0,0,0,1,0,0,1,0,0,1,0,0,1,0,0,1,0,0,1,0,0,0
0,0,0,1,0,0,1,0,0,1,0,0,1,0,0,1,0,0,0,1,0,0
0,0,0,1,0,0,1,0,0,1,0,0,1,0,0,1,0,0,0,0,1,0
0,0,0,1,0,0,1,0,0,1,0,0,1,0,0,0,1,0,1,0,0,0
0,0,0,1,0,0,1,0,0,1,0,0,1,0,0,0,1,0,0,1,0,0
0,0,0,1,0,0,1,0,0,1,0,0,1,0,0,0,1,0,0,0,1,0
0,0,0,1,0,0,1,0,0,1,0,0,1,0,0,0,0,1,1,0,0,0
0,0,0,1,0,0,1,0,0,1,0,0,1,0,0,0,0,1,0,1,0,0
0,0,0,1,0,0,1,0,0,1,0,0,1,0,0,0,0,1,0,0,1,0
0,0,0,1,0,0,1,0,0,1,0,0,0,1,0,1,0,0,1,0,0,0
0,0,0,1,0,0,1,0,0,1,0,0,0,1,0,1,0,0,0,1,0,1
0,0,0,1,0,0,1,0,0,1,0,0,0,1,0,1,0,0,0,0,1,1
0,0,0,1,0,0,1,0,0,1,0,0,0,1,0,0,1,0,1,0,0,0
0,0,0,1,0,0,1,0,0,1,0,0,0,1,0,0,1,0,0,1,0,1
0,0,0,1,0,0,1,0,0,1,0,0,0,1,0,0,1,0,0,0,1,1
0,0,0,1,0,0,1,0,0,1,0,0,0,1,0,0,0,1,1,0,0,0
0,0,0,1,0,0,1,0,0,1,0,0,0,1,0,0,0,1,0,1,0,1
0,0,0,1,0,0,1,0,0,1,0,0,0,1,0,0,0,1,0,0,1,1
0,0,0,1,0,0,1,0,0,1,0,0,0,0,1,1,0,0,1,0,0,0
0,0,0,1,0,0,1,0,0,1,0,0,0,0,1,1,0,0,0,1,0,1
0,0,0,1,0,0,1,0,0,1,0,0,0,0,1,1,0,0,0,0,1,1
0,0,0,1,0,0,1,0,0,1,0,0,0,0,1,0,1,0,1,0,0,0
0,0,0,1,0,0,1,0,0,1,0,0,0,0,1,0,1,0,0,1,0,1
0,0,0,1,0,0,1,0,0,1,0,0,0,0,1,0,1,0,0,0,1,1
0,0,0,1,0,0,1,0,0,1,0,0,0,0,1,0,0,1,1,0,0,0
0,0,0,1,0,0,1,0,0,1,0,0,0,0,1,0,0,1,0,1,0,1
0,0,0,1,0,0,1,0,0,1,0,0,0,0,1,0,0,1,0,0,1,1
0,0,0,1,0,0,1,0,0,0,1,0,1,0,0,1,0,0,1,0,0,0
0,0,0,1,0,0,1,0,0,0,1,0,1,0,0,1,0,0,0,1,0,0
0,0,0,1,0,0,1,0,0,0,1,0,1,0,0,1,0,0,0,0,1,0
0,0,0,1,0,0,1,0,0,0,1,0,1,0,0,0,1,0,1,0,0,0
0,0,0,1,0,0,1,0,0,0,1,0,1,0,0,0,1,0,0,1,0,0
0,0,0,1,0,0,1,0,0,0,1,0,1,0,0,0,1,0,0,0,1,0
0,0,0,1,0,0,1,0,0,0,1,0,1,0,0,0,0,1,1,0,0,0
0,0,0,1,0,0,1,0,0,0,1,0,1,0,0,0,0,1,0,1,0,0
0,0,0,1,0,0,1,0,0,0,1,0,1,0,0,0,0,1,0,0,1,0
0,0,0,1,0,0,1,0,0,0,1,0,0,1,0,1,0,0,1,0,0,0
0,0,0,1,0,0,1,0,0,0,1,0,0,1,0,1,0,0,0,1,0,1
0,0,0,1,0,0,1,0,0,0,1,0,0,1,0,1,0,0,0,0,1,1
0,0,0,1,0,0,1,0,0,0,1,0,0,1,0,0,1,0,1,0,0,0
0,0,0,1,0,0,1,0,0,0,1,0,0,1,0,0,1,0,0,1,0,1
0,0,0,1,0,0,1,0,0,0,1,0,0,1,0,0,1,0,0,0,1,1
0,0,0,1,0,0,1,0,0,0,1,0,0,1,0,0,0,1,1,0,0,0
0,0,0,1,0,0,1,0,0,0,1,0,0,1,0,0,0,1,0,1,0,1
0,0,0,1,0,0,1,0,0,0,1,0,0,1,0,0,0,1,0,0,1,1
0,0,0,1,0,0,1,0,0,0,1,0,0,0,1,1,0,0,1,0,0,0
0,0,0,1,0,0,1,0,0,0,1,0,0,0,1,1,0,0,0,1,0,1
0,0,0,1,0,0,1,0,0,0,1,0,0,0,1,1,0,0,0,0,1,1
0,0,0,1,0,0,1,0,0,0,1,0,0,0,1,0,1,0,1,0,0,0
0,0,0,1,0,0,1,0,0,0,1,0,0,0,1,0,1,0,0,1,0,1
0,0,0,1,0,0,1,0,0,0,1,0,0,0,1,0,1,0,0,0,1,1
0,0,0,1,0,0,1,0,0,0,1,0,0,0,1,0,0,1,1,0,0,0
0,0,0,1,0,0,1,0,0,0,1,0,0,0,1,0,0,1,0,1,0,1
0,0,0,1,0,0,1,0,0,0,1,0,0,0,1,0,0,1,0,0,1,1
0,0,0,1,0,0,1,0,0,0,0,1,1,0,0,1,0,0,1,0,0,0
0,0,0,1,0,0,1,0,0,0,0,1,1,0,0,1,0,0,0,1,0,0
0,0,0,1,0,0,1,0,0,0,0,1,1,0,0,1,0,0,0,0,1,0
0,0,0,1,0,0,1,0,0,0,0,1,1,0,0,0,1,0,1,0,0,0
0,0,0,1,0,0,1,0,0,0,0,1,1,0,0,0,1,0,0,1,0,0
0,0,0,1,0,0,1,0,0,0,0,1,1,0,0,0,1,0,0,0,1,0
0,0,0,1,0,0,1,0,0,0,0,1,1,0,0,0,0,1,1,0,0,0
0,0,0,1,0,0,1,0,0,0,0,1,1,0,0,0,0,1,0,1,0,0
0,0,0,1,0,0,1,0,0,0,0,1,1,0,0,0,0,1,0,0,1,0
0,0,0,1,0,0,1,0,0,0,0,1,0,1,0,1,0,0,1,0,0,0
0,0,0,1,0,0,1,0,0,0,0,1,0,1,0,1,0,0,0,1,0,1
0,0,0,1,0,0,1,0,0,0,0,1,0,1,0,1,0,0,0,0,1,1
0,0,0,1,0,0,1,0,0,0,0,1,0,1,0,0,1,0,1,0,0,0
0,0,0,1,0,0,1,0,0,0,0,1,0,1,0,0,1,0,0,1,0,1
0,0,0,1,0,0,1,0,0,0,0,1,0,1,0,0,1,0,0,0,1,1
0,0,0,1,0,0,1,0,0,0,0,1,0,1,0,0,0,1,1,0,0,0
0,0,0,1,0,0,1,0,0,0,0,1,0,1,0,0,0,1,0,1,0,1
0,0,0,1,0,0,1,0,0,0,0,1,0,1,0,0,0,1,0,0,1,1
0,0,0,1,0,0,1,0,0,0,0,1,0,0,1,1,0,0,1,0,0,0
0,0,0,1,0,0,1,0,0,0,0,1,0,0,1,1,0,0,0,1,0,1
0,0,0,1,0,0,1,0,0,0,0,1,0,0,1,1,0,0,0,0,1,1
0,0,0,1,0,0,1,0,0,0,0,1,0,0,1,0,1,0,1,0,0,0
0,0,0,1,0,0,1,0,0,0,0,1,0,0,1,0,1,0,0,1,0,1
0,0,0,1,0,0,1,0,0,0,0,1,0,0,1,0,1,0,0,0,1,1
0,0,0,1,0,0,1,0,0,0,0,1,0,0,1,0,0,1,1,0,0,0
0,0,0,1,0,0,1,0,0,0,0,1,0,0,1,0,0,1,0,1,0,1
0,0,0,1,0,0,1,0,0,0,0,1,0,0,1,0,0,1,0,0,1,1
0,0,0,1,0,0,0,1,1,0,0,0,1,0,0,1,0,0,1,0,0,0
0,0,0,1,0,0,0,1,1,0,0,0,1,0,0,1,0,0,0,1,0,0
0,0,0,1,0,0,0,1,1,0,0,0,1,0,0,1,0,0,0,0,1,0
0,0,0,1,0,0,0,1,1,0,0,0,1,0,0,0,1,0,1,0,0,0
0,0,0,1,0,0,0,1,1,0,0,0,1,0,0,0,1,0,0,1,0,0
0,0,0,1,0,0,0,1,1,0,0,0,1,0,0,0,1,0,0,0,1,0
0,0,0,1,0,0,0,1,1,0,0,0,1,0,0,0,0,1,1,0,0,0
0,0,0,1,0,0,0,1,1,0,0,0,1,0,0,0,0,1,0,1,0,0
0,0,0,1,0,0,0,1,1,0,0,0,1,0,0,0,0,1,0,0,1,0
0,0,0,1,0,0,0,1,1,0,0,0,0,1,0,1,0,0,1,0,0,0
0,0,0,1,0,0,0,1,1,0,0,0,0,1,0,1,0,0,0,1,0,1
0,0,0,1,0,0,0,1,1,0,0,0,0,1,0,1,0,0,0,0,1,1
0,0,0,1,0,0,0,1,1,0,0,0,0,1,0,0,1,0,1,0,0,0
0,0,0,1,0,0,0,1,1,0,0,0,0,1,0,0,1,0,0,1,0,1
0,0,0,1,0,0,0,1,1,0,0,0,0,1,0,0,1,0,0,0,1,1
0,0,0,1,0,0,0,1,1,0,0,0,0,1,0,0,0,1,1,0,0,0
0,0,0,1,0,0,0,1,1,0,0,0,0,1,0,0,0,1,0,1,0,1
0,0,0,1,0,0,0,1,1,0,0,0,0,1,0,0,0,1,0,0,1,1
0,0,0,1,0,0,0,1,1,0,0,0,0,0,1,1,0,0,1,0,0,0
0,0,0,1,0,0,0,1,1,0,0,0,0,0,1,1,0,0,0,1,0,0
0,0,0,1,0,0,0,1,1,0,0,0,0,0,1,1,0,0,0,0,1,0
0,0,0,1,0,0,0,1,1,0,0,0,0,0,1,0,1,0,1,0,0,0
0,0,0,1,0,0,0,1,1,0,0,0,0,0,1,0,1,0,0,1,0,1
0,0,0,1,0,0,0,1,1,0,0,0,0,0,1,0,1,0,0,0,1,1
0,0,0,1,0,0,0,1,1,0,0,0,0,0,1,0,0,1,1,0,0,0
0,0,0,1,0,0,0,1,1,0,0,0,0,0,1,0,0,1,0,1,0,1
0,0,0,1,0,0,0,1,1,0,0,0,0,0,1,0,0,1,0,0,1,1
0,0,0,1,0,0,0,1,0,1,0,0,1,0,0,1,0,0,1,0,0,0
0,0,0,1,0,0,0,1,0,1,0,0,1,0,0,1,0,0,0,1,0,0
0,0,0,1,0,0,0,1,0,1,0,0,1,0,0,1,0,0,0,0,1,0
0,0,0,1,0,0,0,1,0,1,0,0,1,0,0,0,1,0,1,0,0,0
0,0,0,1,0,0,0,1,0,1,0,0,1,0,0,0,1,0,0,1,0,0
0,0,0,1,0,0,0,1,0,1,0,0,1,0,0,0,1,0,0,0,1,0
0,0,0,1,0,0,0,1,0,1,0,0,1,0,0,0,0,1,1,0,0,0
0,0,0,1,0,0,0,1,0,1,0,0,1,0,0,0,0,1,0,1,0,0
0,0,0,1,0,0,0,1,0,1,0,0,1,0,0,0,0,1,0,0,1,0
0,0,0,1,0,0,0,1,0,1,0,0,0,1,0,1,0,0,1,0,0,0
0,0,0,1,0,0,0,1,0,1,0,0,0,1,0,1,0,0,0,1,0,1
0,0,0,1,0,0,0,1,0,1,0,0,0,1,0,1,0,0,0,0,1,1
0,0,0,1,0,0,0,1,0,1,0,0,0,1,0,0,1,0,1,0,0,0
0,0,0,1,0,0,0,1,0,1,0,0,0,1,0,0,1,0,0,1,0,1
0,0,0,1,0,0,0,1,0,1,0,0,0,1,0,0,1,0,0,0,1,1
0,0,0,1,0,0,0,1,0,1,0,0,0,1,0,0,0,1,1,0,0,0
0,0,0,1,0,0,0,1,0,1,0,0,0,1,0,0,0,1,0,1,0,1
0,0,0,1,0,0,0,1,0,1,0,0,0,1,0,0,0,1,0,0,1,1
0,0,0,1,0,0,0,1,0,1,0,0,0,0,1,1,0,0,1,0,0,0
0,0,0,1,0,0,0,1,0,1,0,0,0,0,1,1,0,0,0,1,0,1
0,0,0,1,0,0,0,1,0,1,0,0,0,0,1,1,0,0,0,0,1,1
0,0,0,1,0,0,0,1,0,1,0,0,0,0,1,0,1,0,1,0,0,0
0,0,0,1,0,0,0,1,0,1,0,0,0,0,1,0,1,0,0,1,0,1
0,0,0,1,0,0,0,1,0,1,0,0,0,0,1,0,1,0,0,0,1,1
0,0,0,1,0,0,0,1,0,1,0,0,0,0,1,0,0,1,1,0,0,0
0,0,0,1,0,0,0,1,0,1,0,0,0,0,1,0,0,1,0,1,0,1
0,0,0,1,0,0,0,1,0,1,0,0,0,0,1,0,0,1,0,0,1,1
0,0,0,1,0,0,0,1,0,0,1,0,1,0,0,1,0,0,1,0,0,0
0,0,0,1,0,0,0,1,0,0,1,0,1,0,0,1,0,0,0,1,0,0
0,0,0,1,0,0,0,1,0,0,1,0,1,0,0,1,0,0,0,0,1,0
0,0,0,1,0,0,0,1,0,0,1,0,1,0,0,0,1,0,1,0,0,0
0,0,0,1,0,0,0,1,0,0,1,0,1,0,0,0,1,0,0,1,0,0
0,0,0,1,0,0,0,1,0,0,1,0,1,0,0,0,1,0,0,0,1,0
0,0,0,1,0,0,0,1,0,0,1,0,1,0,0,0,0,1,1,0,0,0
0,0,0,1,0,0,0,1,0,0,1,0,1,0,0,0,0,1,0,1,0,0
0,0,0,1,0,0,0,1,0,0,1,0,1,0,0,0,0,1,0,0,1,0
0,0,0,1,0,0,0,1,0,0,1,0,0,1,0,1,0,0,1,0,0,0
0,0,0,1,0,0,0,1,0,0,1,0,0,1,0,1,0,0,0,1,0,1
0,0,0,1,0,0,0,1,0,0,1,0,0,1,0,1,0,0,0,0,1,1
0,0,0,1,0,0,0,1,0,0,1,0,0,1,0,0,1,0,1,0,0,0
0,0,0,1,0,0,0,1,0,0,1,0,0,1,0,0,1,0,0,1,0,1
0,0,0,1,0,0,0,1,0,0,1,0,0,1,0,0,1,0,0,0,1,1
0,0,0,1,0,0,0,1,0,0,1,0,0,1,0,0,0,1,1,0,0,0
0,0,0,1,0,0,0,1,0,0,1,0,0,1,0,0,0,1,0,1,0,1
0,0,0,1,0,0,0,1,0,0,1,0,0,1,0,0,0,1,0,0,1,1
0,0,0,1,0,0,0,1,0,0,1,0,0,0,1,1,0,0,1,0,0,0
0,0,0,1,0,0,0,1,0,0,1,0,0,0,1,1,0,0,0,1,0,1
0,0,0,1,0,0,0,1,0,0,1,0,0,0,1,1,0,0,0,0,1,1
0,0,0,1,0,0,0,1,0,0,1,0,0,0,1,0,1,0,1,0,0,0
0,0,0,1,0,0,0,1,0,0,1,0,0,0,1,0,1,0,0,1,0,1
0,0,0,1,0,0,0,1,0,0,1,0,0,0,1,0,1,0,0,0,1,1
0,0,0,1,0,0,0,1,0,0,1,0,0,0,1,0,0,1,1,0,0,0
0,0,0,1,0,0,0,1,0,0,1,0,0,0,1,0,0,1,0,1,0,1
0,0,0,1,0,0,0,1,0,0,1,0,0,0,1,0,0,1,0,0,1,1
0,0,0,1,0,0,0,1,0,0,0,1,1,0,0,1,0,0,1,0,0,0
0,0,0,1,0,0,0,1,0,0,0,1,1,0,0,1,0,0,0,1,0,0
0,0,0,1,0,0,0,1,0,0,0,1,1,0,0,1,0,0,0,0,1,0
0,0,0,1,0,0,0,1,0,0,0,1,1,0,0,0,1,0,1,0,0,0
0,0,0,1,0,0,0,1,0,0,0,1,1,0,0,0,1,0,0,1,0,0
0,0,0,1,0,0,0,1,0,0,0,1,1,0,0,0,1,0,0,0,1,0
0,0,0,1,0,0,0,1,0,0,0,1,1,0,0,0,0,1,1,0,0,0
0,0,0,1,0,0,0,1,0,0,0,1,1,0,0,0,0,1,0,1,0,0
0,0,0,1,0,0,0,1,0,0,0,1,1,0,0,0,0,1,0,0,1,0
0,0,0,1,0,0,0,1,0,0,0,1,0,1,0,1,0,0,1,0,0,0
0,0,0,1,0,0,0,1,0,0,0,1,0,1,0,1,0,0,0,1,0,1
0,0,0,1,0,0,0,1,0,0,0,1,0,1,0,1,0,0,0,0,1,1
0,0,0,1,0,0,0,1,0,0,0,1,0,1,0,0,1,0,1,0,0,0
0,0,0,1,0,0,0,1,0,0,0,1,0,1,0,0,1,0,0,1,0,1
0,0,0,1,0,0,0,1,0,0,0,1,0,1,0,0,1,0,0,0,1,1
0,0,0,1,0,0,0,1,0,0,0,1,0,1,0,0,0,1,1,0,0,0
0,0,0,1,0,0,0,1,0,0,0,1,0,1,0,0,0,1,0,1,0,1
0,0,0,1,0,0,0,1,0,0,0,1,0,1,0,0,0,1,0,0,1,1
0,0,0,1,0,0,0,1,0,0,0,1,0,0,1,1,0,0,1,0,0,0
0,0,0,1,0,0,0,1,0,0,0,1,0,0,1,1,0,0,0,1,0,1
0,0,0,1,0,0,0,1,0,0,0,1,0,0,1,1,0,0,0,0,1,1
0,0,0,1,0,0,0,1,0,0,0,1,0,0,1,0,1,0,1,0,0,0
0,0,0,1,0,0,0,1,0,0,0,1,0,0,1,0,1,0,0,1,0,1
0,0,0,1,0,0,0,1,0,0,0,1,0,0,1,0,1,0,0,0,1,1
0,0,0,1,0,0,0,1,0,0,0,1,0,0,1,0,0,1,1,0,0,0
0,0,0,1,0,0,0,1,0,0,0,1,0,0,1,0,0,1,0,1,0,1
0,0,0,1,0,0,0,1,0,0,0,1,0,0,1,0,0,1,0,0,1,1
